N_rem,alt,fault,iters,klass,lands,margin,outcome,point,pos_err,rate_deg,rng,section,structure,t_f,tilt_0,tilt_deg,v_desc_0,v_horiz,v_horiz_0,v_vert,wall
85,736.4545454545455,chugging,197,additive,True,0.6020537630335009,land,0,0.00034657876423111123,0.00872750696891254,2724.0876879026487,2.3,additive,0.0,14.999999999999998,0.019406894661936035,29.342215215238426,0.00021335039813797835,49.07796705149123,1.8061612891005026,45.084320068359375
81,665.8843124224463,chugging,160,additive,True,0.6019840035487446,land,1,0.00026334915665279676,0.003637192722655586,2502.283818723659,2.3,additive,4.0,9.191669730925033,0.015236396925608022,16.246253319313137,0.0001722970931576318,57.758629563767805,1.805952010646234,37.17100238800049
77,587.2765091311609,chugging,159,additive,True,0.6019108385070034,land,2,0.00013205412690467578,0.002931236294151434,2269.021730789497,2.3,additive,8.0,10.22187434410048,0.008389803598093869,28.671728873929897,0.00010048184827552971,52.70609072372358,1.8057325155210102,36.087172746658325
72,495.1487237150771,chugging,261,additive,True,0.60090084689024,land,3,0.0013198972985377388,0.06466068887026338,1979.5321223507726,2.3,additive,13.0,43.14312869759706,0.07267630053608522,4.089293894893052,0.0008538582665471856,59.860485392628206,1.80270254067072,50.80985474586487
68,419.08185201377603,chugging,201,additive,True,0.6009008355763902,land,4,0.001323811596993587,0.06280776991551103,1745.6235411771163,2.3,additive,17.0,38.20686033111046,0.07324858267459959,30.883072386511085,0.000863530987539838,51.314722556044664,1.8027025067291707,60.962403535842896
64,350.31191945099016,chugging,189,additive,True,0.6009008025450706,land,5,0.0012140984539285753,0.05537276147319889,1512.2056558825393,2.3,additive,21.0,22.294166351862454,0.06706727038598709,33.79393217601729,0.0007811276116312526,49.57792032833256,1.8027024076352118,44.830554246902466
60,282.4549151778067,chugging,128,additive,True,0.6009007883976367,land,6,0.0012672837001768068,0.05628374725750224,1275.8782794737574,2.3,additive,25.0,20.062292577483905,0.07070131437597504,8.313204708071043,0.0008369805342305592,59.15533486164134,1.8027023651929102,30.527554988861084
55,211.89971928079592,chugging,86,additive,True,0.6009945037519516,land,7,0.0004581605037758455,0.035106441644376395,978.4891140323834,2.3,additive,30.0,31.25107208588853,0.02259575544493449,28.06377692264284,0.00023737193220519,52.934654215708925,1.8029835112558548,24.214462518692017
51,159.80179157123658,chugging,153,additive,True,0.6010091401171463,land,8,0.0005921725305150699,0.03933422524592293,739.460979388465,2.3,additive,34.0,54.46242124916059,0.02971548838152907,51.75396553176433,0.0003098091203870226,30.35666463450774,1.8030274203514391,28.884129524230957
47,109.00383724834768,chugging,54,additive,True,0.601022203765693,land,9,0.0007011304556081521,0.04594693923819094,499.20971160107734,2.3,additive,38.0,50.70774445056735,0.03563646532009265,50.32792516928573,0.0003810405917120803,32.6664963555655,1.803066611297079,16.193102598190308
43,56.19745930050679,chugging,28,additive,True,0.6011023819192501,land,10,0.0008108291396574639,0.051711800669375,263.86321605494487,2.3,additive,42.0,60.22259519691488,0.04172497680896091,51.90204074611806,0.000456030442412411,19.82121159451976,1.8033071457577503,12.895225763320923
39,19.15574425039258,chugging,29,additive,True,0.6011777151335761,land,11,0.0009087962747963874,0.05293111571073221,87.31531456645605,2.3,additive,46.0,62.88595225261751,0.046901934918849975,32.08769130694379,0.0005024917709642582,12.417934527400181,1.8035331454007282,11.403500318527222
34,3.8072653166479418,chugging,30,additive,True,0.6020870187049493,land,12,0.0009635311132337206,0.030347933100239022,17.911836815533665,2.3,additive,51.0,62.865110661079726,0.052785301874096295,6.055084667661089,0.0005873418180647028,5.678429528714541,1.806261056114848,9.963176727294922
30,7.785311977454762,chugging,19,additive,True,0.6020322070277022,land,13,0.0005940426896332486,0.015261585504881396,17.049075660045983,2.3,additive,55.0,20.743017850954175,0.03300359579074799,1.924104743234002,0.00036684372973210883,4.871269687938275,1.8060966210831066,8.457238912582397
26,1.5917432622180052,chugging,19,additive,True,0.6019631049591524,land,14,0.0006100738588550366,0.012390724163785595,1.9827376428065278,2.3,additive,59.0,26.92365442634238,0.034105337485627704,1.1409760420306965,0.0003784771413172134,1.1196185188147103,1.8058893148774573,7.084153413772583
85,736.4545454545455,dead_time,165,structural,True,0.6009053970666417,land,0,1.0812175429500302e-05,0.0007621685785367042,2724.0876879026487,2.6,structural,0.0,14.999999999999998,0.0006767697026408719,29.342215215238426,8.523856520396378e-06,49.07796705149123,1.8027161911999252,40.077234983444214
81,665.8843124224463,dead_time,186,structural,True,0.6009197081116616,land,1,9.528634193488104e-06,0.0006773292397072171,2502.283818723659,2.6,structural,4.0,9.191669730925033,0.0004777898650991947,16.246253319313137,4.2118539036665485e-06,57.758629563767805,1.8027591243349848,41.19597029685974
77,587.2765091311609,dead_time,207,structural,True,0.6009150212430406,land,2,1.066602121711581e-05,0.0014921205816465866,2269.021730789497,2.6,structural,8.0,10.22187434410048,0.0005927504213903538,28.671728873929897,6.619023006295284e-06,52.70609072372358,1.802745063729122,43.587782859802246
72,495.1487237150771,dead_time,193,structural,True,0.6009072477665827,land,3,5.993001045245869e-06,0.0005588751624391245,1979.5321223507726,2.6,structural,13.0,43.14312869759706,0.00029559954974916434,4.089293894893052,2.5259546866669755e-06,59.860485392628206,1.802721743299748,40.31728196144104
68,419.08185201377603,dead_time,56,structural,False,inf,no_recovery,4,,,1745.6235411771163,2.6,structural,17.0,38.20686033111046,,30.883072386511085,,51.314722556044664,,31.075358629226685
64,350.31191945099016,dead_time,161,structural,True,0.6009057512774769,land,5,5.674953544510173e-06,0.00023497152669856215,1512.2056558825393,2.6,structural,21.0,22.294166351862454,0.00027423440997367793,33.79393217601729,2.2269584310623125e-06,49.57792032833256,1.8027172538324308,39.824434757232666
60,282.4549151778067,dead_time,60,structural,False,inf,no_recovery,6,,,1275.8782794737574,2.6,structural,25.0,20.062292577483905,,8.313204708071043,,59.15533486164134,,22.372098445892334
55,211.89971928079592,dead_time,55,structural,False,inf,no_recovery,7,,,978.4891140323834,2.6,structural,30.0,31.25107208588853,,28.06377692264284,,52.934654215708925,,19.992370128631592
51,159.80179157123658,dead_time,60,structural,True,0.6009059299498242,land,8,3.6439718179066775e-05,0.0028003710103200368,739.460979388465,2.6,structural,34.0,54.46242124916059,0.0020728880796770286,51.75396553176433,2.3880929028613708e-05,30.35666463450774,1.8027177898494724,18.66470742225647
47,109.00383724834768,dead_time,38,structural,False,inf,no_recovery,9,,,499.20971160107734,2.6,structural,38.0,50.70774445056735,,50.32792516928573,,32.6664963555655,,15.38676381111145
43,56.19745930050679,dead_time,43,structural,True,0.6009023951716951,land,10,9.823047773326687e-06,0.0007357444468464734,263.86321605494487,2.6,structural,42.0,60.22259519691488,0.0006027354182602841,51.90204074611806,8.472534111206893e-06,19.82121159451976,1.8027071855150851,13.735929012298584
39,19.15574425039258,dead_time,33,structural,True,0.6009015879863641,land,11,9.917781926395702e-06,0.006616243995409005,87.31531456645605,2.6,structural,46.0,62.88595225261751,0.0005506530901329792,32.08769130694379,6.349213357731883e-06,12.417934527400181,1.8027047639590923,11.779860496520996
34,3.8072653166479418,dead_time,30,structural,True,0.6009012899113745,land,12,8.904393436089443e-06,0.0009061600002217249,17.911836815533665,2.6,structural,51.0,62.865110661079726,0.0004963893845244144,6.055084667661089,5.664074143310759e-06,5.678429528714541,1.8027038697341236,9.852447748184204
30,7.785311977454762,dead_time,23,structural,False,inf,no_recovery,13,,,17.049075660045983,2.6,structural,55.0,20.743017850954175,,1.924104743234002,,4.871269687938275,,8.410694122314453
26,1.5917432622180052,dead_time,20,structural,True,0.6009014645265857,land,14,1.1660741724445042e-05,0.0004214356193821141,1.9827376428065278,2.6,structural,59.0,26.92365442634238,0.0007265271355633925,1.1409760420306965,9.189109351807624e-06,1.1196185188147103,1.802704393579757,7.108781814575195
85,736.4545454545455,engine_out,124,structural,True,0.6010179120726699,land,0,0.013754696795420721,0.7671673393875275,2724.0876879026487,2.1 / 3.1,structural,0.0,14.999999999999998,0.5810804529469099,29.342215215238426,0.0030163225700811772,49.07796705149123,1.8030537362180097,31.443302154541016
81,665.8843124224463,engine_out,166,structural,True,0.601014489968411,land,1,0.013799881299687311,0.7642067893533867,2502.283818723659,2.1 / 3.1,structural,4.0,9.191669730925033,0.5854403994396213,16.246253319313137,0.003102320795308676,57.758629563767805,1.8030434699052331,36.12273550033569
77,587.2765091311609,engine_out,159,structural,True,0.6010041135243721,land,2,0.01384221825362498,0.7648207969336943,2269.021730789497,2.1 / 3.1,structural,8.0,10.22187434410048,0.5883604751661056,28.671728873929897,0.0031514781680446534,52.70609072372358,1.8030123405731164,34.943487882614136
72,495.1487237150771,engine_out,108,structural,True,0.6010023161208836,land,3,0.013807307215751118,0.7727885419908486,1979.5321223507726,2.1 / 3.1,structural,13.0,43.14312869759706,0.5945913595372521,4.089293894893052,0.0034034582340999433,59.860485392628206,1.8030069483626507,26.200411796569824
68,419.08185201377603,engine_out,184,structural,True,0.6010074490807767,land,4,0.01382116986677389,0.7673801712261639,1745.6235411771163,2.1 / 3.1,structural,17.0,38.20686033111046,0.5867467237159195,30.883072386511085,0.003128791859816942,51.314722556044664,1.8030223472423301,43.847615003585815
64,350.31191945099016,engine_out,82,structural,True,0.6010132676437723,land,5,0.013822222120159567,0.7663876840920631,1512.2056558825393,2.1 / 3.1,structural,21.0,22.294166351862454,0.5868795315386204,33.79393217601729,0.0031307538314678226,49.57792032833256,1.8030398029313168,25.821824550628662
60,282.4549151778067,engine_out,233,structural,True,0.6010070235863032,land,6,0.013815636257128826,0.7651753270440342,1275.8782794737574,2.1 / 3.1,structural,25.0,20.062292577483905,0.5865755914404588,8.313204708071043,0.0031218444221421055,59.15533486164134,1.8030210707589096,42.43138122558594
55,211.89971928079592,engine_out,61,structural,True,0.6010057409976751,land,7,0.01346323024071706,0.7698694944834954,978.4891140323834,2.1 / 3.1,structural,30.0,31.25107208588853,0.5758853969925221,28.06377692264284,0.003230887971272327,52.934654215708925,1.8030172229930252,19.896153450012207
51,159.80179157123658,engine_out,55,structural,True,0.6010047522989762,land,8,0.013827827715194868,0.7606633733221124,739.460979388465,2.1 / 3.1,structural,34.0,54.46242124916059,0.588045410045356,51.75396553176433,0.0031528062133933644,30.35666463450774,1.8030142568969285,17.188053607940674
47,109.00383724834768,engine_out,146,structural,False,12.606570316141605,gate_miss,9,81.82814711882389,14.896480722954019,499.20971160107734,2.1 / 3.1,structural,38.0,50.70774445056735,37.4898714289285,50.32792516928573,15.127884379369926,32.6664963555655,34.52739780027848,24.6869957447052
43,56.19745930050679,engine_out,228,structural,False,inf,no_recovery,10,,,263.86321605494487,2.1 / 3.1,structural,42.0,60.22259519691488,,51.90204074611806,,19.82121159451976,,28.48983144760132
39,19.15574425039258,engine_out,176,structural,False,inf,no_recovery,11,,,87.31531456645605,2.1 / 3.1,structural,46.0,62.88595225261751,,32.08769130694379,,12.417934527400181,,21.619136333465576
34,3.8072653166479418,engine_out,400,structural,False,inf,no_recovery,12,,,17.911836815533665,2.1 / 3.1,structural,51.0,62.865110661079726,,6.055084667661089,,5.678429528714541,,33.60635805130005
30,7.785311977454762,engine_out,21,structural,True,0.6009964164625974,land,13,0.013851526707389821,0.7607902452492913,17.049075660045983,2.1 / 3.1,structural,55.0,20.743017850954175,0.5869269991464228,1.924104743234002,0.0031010233517073274,4.871269687938275,1.8029892493877921,8.457068681716919
26,1.5917432622180052,engine_out,37,structural,True,0.6009962282276882,land,14,0.013831508250746282,0.7585777258350462,1.9827376428065278,2.1 / 3.1,structural,59.0,26.92365442634238,0.5863876978015041,1.1409760420306965,0.0031051148259331257,1.1196185188147103,1.8029886846830645,7.76192831993103
85,736.4545454545455,erosion_drift,205,multiplicative,True,0.6010431480523617,land,0,0.013841344149593815,0.7645770538674634,2724.0876879026487,2.10,time-varying multiplicative,0.0,14.999999999999998,0.591283373028646,29.342215215238426,0.0032413255207624516,49.07796705149123,1.803129444157085,47.63711643218994
81,665.8843124224463,erosion_drift,153,multiplicative,True,0.6011170040165066,land,1,0.01261878863505808,0.5777950007200684,2502.283818723659,2.10,time-varying multiplicative,4.0,9.191669730925033,0.593082606043285,16.246253319313137,0.004528963857660349,57.758629563767805,1.8033510120495198,37.85923385620117
77,587.2765091311609,erosion_drift,177,multiplicative,True,0.6011368833245262,land,2,0.011049948344583813,0.4598684681949223,2269.021730789497,2.10,time-varying multiplicative,8.0,10.22187434410048,0.5360551430820014,28.671728873929897,0.004425976325159098,52.70609072372358,1.8034106499735785,39.095393896102905
72,495.1487237150771,erosion_drift,188,multiplicative,True,0.6011412947596783,land,3,0.009296345823339417,0.33148334401901186,1979.5321223507726,2.10,time-varying multiplicative,13.0,43.14312869759706,0.4713085547544771,4.089293894893052,0.004286554440009785,59.860485392628206,1.8034238842790349,41.16506385803223
68,419.08185201377603,erosion_drift,153,multiplicative,True,0.6011369830970127,land,4,0.008605843245483353,0.30773110181137336,1745.6235411771163,2.10,time-varying multiplicative,17.0,38.20686033111046,0.43668711159479645,30.883072386511085,0.0039857868416424145,51.314722556044664,1.803410949291038,50.31884455680847
64,350.31191945099016,erosion_drift,133,multiplicative,True,0.6011183646545979,land,5,0.007915637870537616,0.2853726539654687,1512.2056558825393,2.10,time-varying multiplicative,21.0,22.294166351862454,0.40160413794275895,33.79393217601729,0.0036718465525916837,49.57792032833256,1.8033550939637937,35.23696184158325
60,282.4549151778067,erosion_drift,164,multiplicative,True,0.6011221059435198,land,6,0.007156964690616064,0.2601341634863542,1275.8782794737574,2.10,time-varying multiplicative,25.0,20.062292577483905,0.36237394879554957,8.313204708071043,0.0033022355686322252,59.15533486164134,1.8033663178305595,41.96186900138855
55,211.89971928079592,erosion_drift,76,multiplicative,True,0.6010809100399854,land,7,0.0062938877213396085,0.23042471019453012,978.4891140323834,2.10,time-varying multiplicative,30.0,31.25107208588853,0.31888657013094707,28.06377692264284,0.002918370455708019,52.934654215708925,1.8032427301199563,22.19882845878601
51,159.80179157123658,erosion_drift,68,multiplicative,True,0.6010680643249879,land,8,0.005566961007331316,0.20496548279851534,739.460979388465,2.10,time-varying multiplicative,34.0,54.46242124916059,0.28175241442568005,51.75396553176433,0.0025755625539188513,30.35666463450774,1.8032041929749638,19.56138825416565
47,109.00383724834768,erosion_drift,57,multiplicative,True,0.6010578780805219,land,9,0.004847458084147581,0.1789384543351468,499.20971160107734,2.10,time-varying multiplicative,38.0,50.70774445056735,0.24496446666401295,50.32792516928573,0.0022327284279176295,32.6664963555655,1.8031736342415656,15.800715684890747
43,56.19745930050679,erosion_drift,34,multiplicative,True,0.6010524981098254,land,10,0.00410286558912027,0.15096399844905817,263.86321605494487,2.10,time-varying multiplicative,42.0,60.22259519691488,0.20660092223427617,51.90204074611806,0.0018645649226163357,19.82121159451976,1.8031574943294764,12.942201614379883
39,19.15574425039258,erosion_drift,29,multiplicative,True,0.6010263274319073,land,11,0.0035548130505798346,0.13178931405860445,87.31531456645605,2.10,time-varying multiplicative,46.0,62.88595225261751,0.1791635821404389,32.08769130694379,0.0016242037540914165,12.417934527400181,1.803078982295722,11.381661415100098
34,3.8072653166479418,erosion_drift,27,multiplicative,True,0.6010175673265926,land,12,0.002749395873962248,0.10034772562497159,17.911836815533665,2.10,time-varying multiplicative,51.0,62.865110661079726,0.13777894302978924,6.055084667661089,0.001225937244613111,5.678429528714541,1.8030527019797777,9.948286771774292
30,7.785311977454762,erosion_drift,26,multiplicative,True,0.6009888905496439,land,13,0.002397280363769883,0.0894879128267191,17.049075660045983,2.10,time-varying multiplicative,55.0,20.743017850954175,0.12067946151123594,1.924104743234002,0.0010932486614299403,4.871269687938275,1.8029666716489317,8.608935832977295
26,1.5917432622180052,erosion_drift,19,multiplicative,True,0.6009855239942933,land,14,0.001795185061035015,0.06572271369129264,1.9827376428065278,2.10,time-varying multiplicative,59.0,26.92365442634238,0.08934251410784472,1.1409760420306965,0.0007802254203111342,1.1196185188147103,1.80295657198288,6.133939981460571
85,736.4545454545455,healthy,287,none,True,0.600922706395679,land,0,8.139267118666041e-06,0.0005598108238474636,2724.0876879026487,—,none,0.0,14.999999999999998,0.00044866023697227164,29.342215215238426,4.658841698262914e-06,49.07796705149123,1.802768119187037,56.39450478553772
81,665.8843124224463,healthy,157,none,True,0.6009205785677646,land,1,9.631956426561196e-06,0.0005445724376910381,2502.283818723659,—,none,4.0,9.191669730925033,0.0005375653919617425,16.246253319313137,5.795446108487352e-06,57.758629563767805,1.8027617357032937,38.46684193611145
77,587.2765091311609,healthy,206,none,True,0.6009154228790637,land,2,1.3102199922730883e-05,0.0014840874477011397,2269.021730789497,—,none,8.0,10.22187434410048,0.000751640918566326,28.671728873929897,8.754812589589005e-06,52.70609072372358,1.8027462686371913,44.815064907073975
72,495.1487237150771,healthy,208,none,True,0.6009056564509666,land,3,7.910881135317242e-06,0.00048020094182319725,1979.5321223507726,—,none,13.0,43.14312869759706,0.00044564139329237847,4.089293894893052,4.920646028705448e-06,59.860485392628206,1.8027169693528997,39.925259590148926
68,419.08185201377603,healthy,161,none,True,0.6009039079430863,land,4,7.152146035978577e-06,0.00042642793281552567,1745.6235411771163,—,none,17.0,38.20686033111046,0.0004021267015784688,30.883072386511085,4.4166922014331654e-06,51.314722556044664,1.802711723829259,34.44624948501587
64,350.31191945099016,healthy,162,none,True,0.6009161588663215,land,5,7.925700051055478e-06,0.0002537414724994111,1512.2056558825393,—,none,21.0,22.294166351862454,0.00044365057840019023,33.79393217601729,4.810591902871393e-06,49.57792032833256,1.8027484765989645,46.229645013809204
60,282.4549151778067,healthy,151,none,True,0.6009054405801414,land,6,9.356148478857298e-06,0.0006025402383686084,1275.8782794737574,—,none,25.0,20.062292577483905,0.0005313246711516755,8.313204708071043,6.0072216975629644e-06,59.15533486164134,1.802716321740424,34.58541131019592
55,211.89971928079592,healthy,101,none,True,0.600925933598393,land,7,5.3710079653051435e-06,0.0018404439277799162,978.4891140323834,—,none,30.0,31.25107208588853,0.000306241888561869,28.06377692264284,3.502624967173942e-06,52.934654215708925,1.802777800795179,28.21644139289856
51,159.80179157123658,healthy,150,none,True,0.6009108629010821,land,8,2.963156975021315e-06,0.002379378121293414,739.460979388465,—,none,34.0,54.46242124916059,0.00017221463148783665,51.75396553176433,2.104727593586639e-06,30.35666463450774,1.8027325887032464,28.381749629974365
47,109.00383724834768,healthy,49,none,True,0.6009032591213528,land,9,2.2175981918227494e-06,0.00312284833262344,499.20971160107734,—,none,38.0,50.70774445056735,0.0001290794269324666,50.32792516928573,1.5772907393843305e-06,32.6664963555655,1.8027097773640584,16.214897871017456
43,56.19745930050679,healthy,31,none,True,0.6009076061659545,land,10,2.106980446664868e-05,0.002324892989630965,263.86321605494487,—,none,42.0,60.22259519691488,0.001215451725355803,51.90204074611806,1.4287910529173442e-05,19.82121159451976,1.8027228184978636,12.203901052474976
39,19.15574425039258,healthy,28,none,True,0.6009023694330251,land,11,1.0585097509308395e-05,0.005180898206623091,87.31531456645605,—,none,46.0,62.88595225261751,0.0006130131853910364,32.08769130694379,7.354945224901208e-06,12.417934527400181,1.8027071082990753,11.404552221298218
34,3.8072653166479418,healthy,28,none,True,0.6009013647310311,land,12,9.450212212937489e-06,0.0025436596434525996,17.911836815533665,—,none,51.0,62.865110661079726,0.0005470939536891716,6.055084667661089,6.503389017939739e-06,5.678429528714541,1.8027040941930932,9.880956172943115
30,7.785311977454762,healthy,23,none,True,0.6009011398222868,land,13,2.036166734415087e-06,0.0024020211051026127,17.049075660045983,—,none,55.0,20.743017850954175,0.00011500358126181586,1.924104743234002,1.285510183176257e-06,4.871269687938275,1.8027034194668603,8.53297472000122
26,1.5917432622180052,healthy,20,none,True,0.6009009873788062,land,14,4.219721739535211e-06,0.0026607675608120262,1.9827376428065278,—,none,59.0,26.92365442634238,0.00024352706301356212,1.1409760420306965,2.863085231456739e-06,1.1196185188147103,1.8027029621364186,7.202496767044067
85,736.4545454545455,mixture_ratio,177,multiplicative,True,0.600920356593822,land,0,2.666202186755666e-06,0.0005547113769999074,2724.0876879026487,2.4,multiplicative (coupled),0.0,14.999999999999998,0.0002040851025056694,29.342215215238426,4.059598031675389e-06,49.07796705149123,1.8027610697814662,42.830997467041016
81,665.8843124224463,mixture_ratio,94,multiplicative,True,0.6009242482616907,land,1,1.9176486936591692e-05,0.0028661786049706053,2502.283818723659,2.4,multiplicative (coupled),4.0,9.191669730925033,0.001128850308716618,16.246253319313137,1.4322898805113198e-05,57.758629563767805,1.8027727447850719,28.60524821281433
77,587.2765091311609,mixture_ratio,113,multiplicative,True,0.6009054675254945,land,2,1.4210160577900982e-05,0.004753229649540017,2269.021730789497,2.4,multiplicative (coupled),8.0,10.22187434410048,0.0008478693574189657,28.671728873929897,1.0909801410598652e-05,52.70609072372358,1.8027164025764835,30.43139886856079
72,495.1487237150771,mixture_ratio,200,multiplicative,True,0.6009194477509893,land,3,1.847212514403093e-05,0.004814853584997008,1979.5321223507726,2.4,multiplicative (coupled),13.0,43.14312869759706,0.0010893924670498083,4.089293894893052,1.376076414102144e-05,59.860485392628206,1.8027583432529677,42.276546001434326
68,419.08185201377603,mixture_ratio,195,multiplicative,True,0.6009057218289302,land,4,1.7940016905985307e-05,0.004697138957678281,1745.6235411771163,2.4,multiplicative (coupled),17.0,38.20686033111046,0.0010684576235555098,30.883072386511085,1.3620010576059632e-05,51.314722556044664,1.8027171654867906,56.395581007003784
64,350.31191945099016,mixture_ratio,121,multiplicative,True,0.6009042066499826,land,5,1.765893176220597e-05,0.004574322280439484,1512.2056558825393,2.4,multiplicative (coupled),21.0,22.294166351862454,0.0010540095385495392,33.79393217601729,1.3485137248453451e-05,49.57792032833256,1.8027126199499477,33.38407111167908
60,282.4549151778067,mixture_ratio,131,multiplicative,True,0.6009158384138852,land,6,2.102008100555676e-05,0.003360425717852287,1275.8782794737574,2.4,multiplicative (coupled),25.0,20.062292577483905,0.0012466451179810867,8.313204708071043,1.584030957116323e-05,59.15533486164134,1.8027475152416554,32.37306499481201
55,211.89971928079592,mixture_ratio,80,multiplicative,True,0.6009117927677906,land,7,2.1690152077711876e-06,0.0005364679939073856,978.4891140323834,2.4,multiplicative (coupled),30.0,31.25107208588853,0.00016318111801938816,28.06377692264284,3.04567192781765e-06,52.934654215708925,1.802735378303372,22.731970071792603
51,159.80179157123658,mixture_ratio,56,multiplicative,True,0.6009096759442545,land,8,9.498411314722476e-06,0.002071581876412786,739.460979388465,2.4,multiplicative (coupled),34.0,54.46242124916059,0.0005762505738585796,51.75396553176433,7.851797416724174e-06,30.35666463450774,1.8027290278327635,18.9798743724823
47,109.00383724834768,mixture_ratio,38,multiplicative,True,0.6009051274841456,land,9,2.3366681391957266e-06,0.0007122967682433435,499.20971160107734,2.4,multiplicative (coupled),38.0,50.70774445056735,0.0001286876567391483,50.32792516928573,1.7355062180707567e-06,32.6664963555655,1.802715382452437,14.160586595535278
43,56.19745930050679,mixture_ratio,40,multiplicative,True,0.6009073494130234,land,10,0.00016810796357351012,0.02751247915684102,263.86321605494487,2.4,multiplicative (coupled),42.0,60.22259519691488,0.01023092449235396,51.90204074611806,0.0001386589926040284,19.82121159451976,1.8027220482390702,13.88617753982544
39,19.15574425039258,mixture_ratio,30,multiplicative,True,0.600902622848338,land,11,5.2577007282946796e-05,0.007630174128414665,87.31531456645605,2.4,multiplicative (coupled),46.0,62.88595225261751,0.0031433504962452997,32.08769130694379,4.183388323235676e-05,12.417934527400181,1.8027078685450137,11.303475856781006
34,3.8072653166479418,mixture_ratio,26,multiplicative,True,0.600901252221634,land,12,1.50873286179461e-05,0.0031687215291017956,17.911836815533665,2.4,multiplicative (coupled),51.0,62.865110661079726,0.0008718335678535005,6.055084667661089,1.0413320017077694e-05,5.678429528714541,1.8027037566649022,9.83992075920105
30,7.785311977454762,mixture_ratio,24,multiplicative,True,0.6009011929021753,land,13,5.735171458865673e-07,0.0016009780559823683,17.049075660045983,2.4,multiplicative (coupled),55.0,20.743017850954175,2.1832714336908344e-05,1.924104743234002,1.8886611319772947e-07,4.871269687938275,1.8027035787065258,8.434255838394165
26,1.5917432622180052,mixture_ratio,22,multiplicative,True,0.6009011163122359,land,14,5.126773583238343e-06,0.002333682564228468,1.9827376428065278,2.4,multiplicative (coupled),59.0,26.92365442634238,0.00028350014058871266,1.1409760420306965,3.104711385447573e-06,1.1196185188147103,1.8027033489367075,6.5493292808532715
85,736.4545454545455,slow_thrust,150,multiplicative,True,0.600909319719323,land,0,8.651363454518825e-06,0.00023417295175972257,2724.0876879026487,2.5,multiplicative,0.0,14.999999999999998,0.00045110798378859325,29.342215215238426,4.101269847038499e-06,49.07796705149123,1.802727959157969,37.75139784812927
81,665.8843124224463,slow_thrust,120,multiplicative,True,0.6009093739949681,land,1,9.365662325418156e-06,0.002153879372953729,2502.283818723659,2.5,multiplicative,4.0,9.191669730925033,0.0005312792868673669,16.246253319313137,5.729094477472017e-06,57.758629563767805,1.8027281219849045,32.31084370613098
77,587.2765091311609,slow_thrust,132,multiplicative,True,0.6009086344475904,land,2,3.511275380420703e-05,0.0016098688386224516,2269.021730789497,2.5,multiplicative,8.0,10.22187434410048,0.0020524990452180955,28.671728873929897,2.440598556695322e-05,52.70609072372358,1.8027259033427712,33.8792188167572
72,495.1487237150771,slow_thrust,257,multiplicative,True,0.600919202049842,land,3,8.478226167289875e-06,0.002220140351724902,1979.5321223507726,2.5,multiplicative,13.0,43.14312869759706,0.0004856507723830126,4.089293894893052,5.242251343141931e-06,59.860485392628206,1.8027576061495258,52.99939680099487
68,419.08185201377603,slow_thrust,144,multiplicative,True,0.6009092236487057,land,4,9.194026208899733e-06,0.0022999464217450683,1745.6235411771163,2.5,multiplicative,17.0,38.20686033111046,0.0005205072537448711,30.883072386511085,5.575505751386034e-06,51.314722556044664,1.802727670946117,41.82650113105774
64,350.31191945099016,slow_thrust,113,multiplicative,True,0.6009103043522138,land,5,9.075114172827468e-06,0.002319671984346948,1512.2056558825393,2.5,multiplicative,21.0,22.294166351862454,0.0005139797596611505,33.79393217601729,5.495415928902107e-06,49.57792032833256,1.8027309130566413,33.437994718551636
60,282.4549151778067,slow_thrust,150,multiplicative,True,0.6009034185048132,land,6,3.5755050123728504e-05,0.0014983867184029133,1275.8782794737574,2.5,multiplicative,25.0,20.062292577483905,0.0020814846816633948,8.313204708071043,2.463570835068009e-05,59.15533486164134,1.8027102555144396,34.780388593673706
55,211.89971928079592,slow_thrust,72,multiplicative,True,0.6009089340186108,land,7,7.579422822723304e-06,0.0023017385763322465,978.4891140323834,2.5,multiplicative,30.0,31.25107208588853,0.00039581315667880536,28.06377692264284,3.5548596566836045e-06,52.934654215708925,1.8027268020558322,21.60402274131775
51,159.80179157123658,slow_thrust,58,multiplicative,True,0.6009031336481612,land,8,5.108149522210192e-05,0.0012480712447896442,739.460979388465,2.5,multiplicative,34.0,54.46242124916059,0.002975979780303555,51.75396553176433,3.5409489028504695e-05,30.35666463450774,1.8027094009444835,17.659592151641846
47,109.00383724834768,slow_thrust,46,multiplicative,True,0.600903560529115,land,9,5.933576517754545e-06,0.002886877073084072,499.20971160107734,2.5,multiplicative,38.0,50.70774445056735,0.000318222336899038,50.32792516928573,3.1290710054785736e-06,32.6664963555655,1.8027106815873448,15.645148754119873
43,56.19745930050679,slow_thrust,31,multiplicative,True,0.6009094204762312,land,10,2.388145653752393e-05,0.004837693964392673,263.86321605494487,2.5,multiplicative,42.0,60.22259519691488,0.0014249629034482213,51.90204074611806,1.8594785866842838e-05,19.82121159451976,1.8027282614286935,13.000794410705566
39,19.15574425039258,slow_thrust,31,multiplicative,True,0.6009015186003595,land,11,3.183416603666789e-06,0.001987899345316577,87.31531456645605,2.5,multiplicative,46.0,62.88595225261751,0.00019757793632314087,32.08769130694379,2.853829370366641e-06,12.417934527400181,1.8027045558010784,11.566452980041504
34,3.8072653166479418,slow_thrust,45,multiplicative,True,0.6009011716429604,land,12,1.6218006601342922e-05,0.001458931097193471,17.911836815533665,2.5,multiplicative,51.0,62.865110661079726,0.0009308670565124834,6.055084667661089,1.0968704752183812e-05,5.678429528714541,1.8027035149288813,11.271976232528687
30,7.785311977454762,slow_thrust,20,multiplicative,True,0.6009012290358399,land,13,2.794565601853556e-07,0.0017715778184290397,17.049075660045983,2.5,multiplicative,55.0,20.743017850954175,1.5839192074696695e-05,1.924104743234002,2.201556847242728e-07,4.871269687938275,1.8027036871075195,8.714401006698608
26,1.5917432622180052,slow_thrust,20,multiplicative,True,0.6009010063100301,land,14,6.40931849587733e-06,0.0013862665944463627,1.9827376428065278,2.5,multiplicative,59.0,26.92365442634238,0.0003731638286633046,1.1409760420306965,4.442710560059912e-06,1.1196185188147103,1.80270301893009,7.028338670730591
85,736.4545454545455,thrust_excess,247,multiplicative,True,0.6009225569105439,land,0,1.4006728668607692e-05,0.0011826317492280066,2724.0876879026487,2.2,multiplicative,0.0,14.999999999999998,0.0008123703267647713,29.342215215238426,9.642094329959395e-06,49.07796705149123,1.8027676707316316,50.98151206970215
81,665.8843124224463,thrust_excess,200,multiplicative,True,0.6009052510748517,land,1,3.483104790154778e-05,0.0052005871454771715,2502.283818723659,2.2,multiplicative,4.0,9.191669730925033,0.0019965033718652384,16.246253319313137,2.3395164081457648e-05,57.758629563767805,1.8027157532245552,44.931861877441406
77,587.2765091311609,thrust_excess,200,multiplicative,True,0.6009184193826217,land,2,3.702982239976492e-05,0.0050729830879741936,2269.021730789497,2.2,multiplicative,8.0,10.22187434410048,0.002123045708800583,28.671728873929897,2.492525071208676e-05,52.70609072372358,1.802755258147865,43.94552779197693
72,495.1487237150771,thrust_excess,220,multiplicative,True,0.6009056567520475,land,3,3.5798797638573564e-05,0.0022229346618900087,1979.5321223507726,2.2,multiplicative,13.0,43.14312869759706,0.0020596376887246147,4.089293894893052,2.4322543265402457e-05,59.860485392628206,1.8027169702561427,44.28045582771301
68,419.08185201377603,thrust_excess,195,multiplicative,True,0.6009119338570036,land,4,3.558787498565365e-05,0.002308090947521791,1745.6235411771163,2.2,multiplicative,17.0,38.20686033111046,0.0020461767355139894,30.883072386511085,2.4156636073500515e-05,51.314722556044664,1.8027358015710109,45.54720997810364
64,350.31191945099016,thrust_excess,152,multiplicative,True,0.6009064891159569,land,5,3.259955491055903e-05,0.0017095078837247176,1512.2056558825393,2.2,multiplicative,21.0,22.294166351862454,0.0018749649224976037,33.79393217601729,2.2154853946194703e-05,49.57792032833256,1.8027194673478706,38.18383812904358
60,282.4549151778067,thrust_excess,157,multiplicative,True,0.6009206928291773,land,6,3.1294957919910605e-05,0.001993550712848139,1275.8782794737574,2.2,multiplicative,25.0,20.062292577483905,0.0017958181858825837,8.313204708071043,2.1185110600781532e-05,59.15533486164134,1.8027620784875318,35.09193992614746
55,211.89971928079592,thrust_excess,141,multiplicative,True,0.6009143566147123,land,7,1.0668450582127961e-05,0.00029580306685510866,978.4891140323834,2.2,multiplicative,30.0,31.25107208588853,0.0006240809086005536,28.06377692264284,7.610437346957399e-06,52.934654215708925,1.802743069844137,31.4292094707489
51,159.80179157123658,thrust_excess,144,multiplicative,True,0.6009043170585238,land,8,2.5803020245836685e-05,0.003593279875064818,739.460979388465,2.2,multiplicative,34.0,54.46242124916059,0.0014784269888384887,51.75396553176433,1.740165682281674e-05,30.35666463450774,1.8027129511755713,27.024773359298706
47,109.00383724834768,thrust_excess,50,multiplicative,True,0.6009086664386699,land,9,1.7910953913179722e-05,0.0010211792982530402,499.20971160107734,2.2,multiplicative,38.0,50.70774445056735,0.0010344889603859026,50.32792516928573,1.2235514572229105e-05,32.6664963555655,1.8027259993160096,16.030794382095337
43,56.19745930050679,thrust_excess,48,multiplicative,True,0.6009027857436379,land,10,4.866235319860235e-06,0.0008552148236218338,263.86321605494487,2.2,multiplicative,42.0,60.22259519691488,0.00027540296056067153,51.90204074611806,3.1287347157436e-06,19.82121159451976,1.8027083572309135,14.636008739471436
39,19.15574425039258,thrust_excess,27,multiplicative,True,0.6009016222179667,land,11,1.0212233200297765e-05,0.0027555138555411546,87.31531456645605,2.2,multiplicative,46.0,62.88595225261751,0.0005866843931822787,32.08769130694379,6.868571650405049e-06,12.417934527400181,1.8027048666539003,11.393381118774414
34,3.8072653166479418,thrust_excess,41,multiplicative,True,0.6009010702944065,land,12,6.907504498813231e-06,0.001411288254649871,17.911836815533665,2.2,multiplicative,51.0,62.865110661079726,0.00039848178980775783,6.055084667661089,4.664228660614318e-06,5.678429528714541,1.8027032108832197,11.162587642669678
30,7.785311977454762,thrust_excess,22,multiplicative,True,0.6009014153247635,land,13,2.424984204675102e-05,0.0028487754052263846,17.049075660045983,2.2,multiplicative,55.0,20.743017850954175,0.0013744156909657463,1.924104743234002,1.5536220262403275e-05,4.871269687938275,1.8027042459742904,8.34851598739624
26,1.5917432622180052,thrust_excess,20,multiplicative,True,0.6009009457984791,land,14,4.306440666871452e-06,0.003427020257102323,1.9827376428065278,2.2,multiplicative,59.0,26.92365442634238,0.00024662423947849636,1.1409760420306965,2.8584293711650058e-06,1.1196185188147103,1.8027028373954372,6.925338268280029
85,736.4545454545455,thrust_loss_50,170,multiplicative,True,0.6009189333229638,land,0,1.3183439109983262e-05,0.0010144265547560958,2724.0876879026487,2.1,multiplicative,0.0,14.999999999999998,0.0007767619724869026,29.342215215238426,9.875091383749524e-06,49.07796705149123,1.8027567999688914,40.238821268081665
81,665.8843124224463,thrust_loss_50,171,multiplicative,True,0.6009134725722353,land,1,2.5459253328541488e-05,0.006799710879953029,2502.283818723659,2.1,multiplicative,4.0,9.191669730925033,0.0014575373175217323,16.246253319313137,1.7169965925456195e-05,57.758629563767805,1.802740417716706,40.99276900291443
77,587.2765091311609,thrust_loss_50,143,multiplicative,True,0.6009271351335899,land,2,2.9535798189163346e-05,0.004870458822678496,2269.021730789497,2.1,multiplicative,8.0,10.22187434410048,0.0017002412687390559,28.671728873929897,2.027715420423481e-05,52.70609072372358,1.8027814054007696,35.836591958999634
72,495.1487237150771,thrust_loss_50,184,multiplicative,True,0.6009150636923468,land,3,3.11410804076743e-05,0.00208405243064029,1979.5321223507726,2.1,multiplicative,13.0,43.14312869759706,0.00181449091356016,4.089293894893052,2.2065221422063044e-05,59.860485392628206,1.8027451910770405,38.952518463134766
68,419.08185201377603,thrust_loss_50,112,multiplicative,True,0.6009132268104889,land,4,3.2250355419124597e-05,0.0013245329532345592,1745.6235411771163,2.1,multiplicative,17.0,38.20686033111046,0.0018845868573366294,30.883072386511085,2.303304476150477e-05,51.314722556044664,1.8027396804314666,31.770724296569824
64,350.31191945099016,thrust_loss_50,145,multiplicative,True,0.6009075592546224,land,5,3.1437036679964144e-05,0.0016376219886520213,1512.2056558825393,2.1,multiplicative,21.0,22.294166351862454,0.0018417771264432475,33.79393217601729,2.257075907710428e-05,49.57792032833256,1.802722677763867,39.32761573791504
60,282.4549151778067,thrust_loss_50,160,multiplicative,True,0.6009203586120727,land,6,3.314594006473869e-05,0.0020498136390974106,1275.8782794737574,2.1,multiplicative,25.0,20.062292577483905,0.0019309036803110196,8.313204708071043,2.3505275889593478e-05,59.15533486164134,1.8027610758362183,35.2779381275177
55,211.89971928079592,thrust_loss_50,90,multiplicative,True,0.6009129259043964,land,7,1.4889361261519774e-05,0.011275991618723648,978.4891140323834,2.1,multiplicative,30.0,31.25107208588853,0.0008896709288110593,28.06377692264284,1.1909095570654317e-05,52.934654215708925,1.8027387777131891,26.48388409614563
51,159.80179157123658,thrust_loss_50,49,multiplicative,True,0.6009176400610926,land,8,1.7158114346567904e-05,0.013563615810791952,739.460979388465,2.1,multiplicative,34.0,54.46242124916059,0.0010018761723686724,51.75396553176433,1.2586343712785473e-05,30.35666463450774,1.802752920183278,18.15796136856079
47,109.00383724834768,thrust_loss_50,37,multiplicative,True,0.600904657023454,land,9,1.4042326161442124e-05,0.010403743203811103,499.20971160107734,2.1,multiplicative,38.0,50.70774445056735,0.0008494068404748884,50.32792516928573,1.1619791021136363e-05,32.6664963555655,1.802713971070362,14.693777561187744
43,56.19745930050679,thrust_loss_50,51,multiplicative,True,0.6012976518044664,land,10,0.005837025782368397,0.7492269066276257,263.86321605494487,2.1,multiplicative,42.0,60.22259519691488,0.3416210973609338,51.90204074611806,0.007067874881966561,19.82121159451976,1.8038929554133991,13.841575622558594
39,19.15574425039258,thrust_loss_50,400,multiplicative,False,inf,no_recovery,11,,,87.31531456645605,2.1,multiplicative,46.0,62.88595225261751,,32.08769130694379,,12.417934527400181,,40.50904631614685
34,3.8072653166479418,thrust_loss_50,26,multiplicative,True,0.6009015468172082,land,12,1.047323523180472e-05,0.0015743654098008249,17.911836815533665,2.1,multiplicative,51.0,62.865110661079726,0.0005864610915245825,6.055084667661089,6.758225774478913e-06,5.678429528714541,1.8027046404516247,10.351099967956543
30,7.785311977454762,thrust_loss_50,23,multiplicative,True,0.600901177952008,land,13,3.5798581069488663e-06,0.0015781725590250434,17.049075660045983,2.1,multiplicative,55.0,20.743017850954175,0.0001779918315808066,1.924104743234002,1.6044289867606262e-06,4.871269687938275,1.8027035338560242,8.364327669143677
26,1.5917432622180052,thrust_loss_50,20,multiplicative,True,0.6009010844703828,land,14,2.144115198922155e-06,0.0006678767540784764,1.9827376428065278,2.1,multiplicative,59.0,26.92365442634238,0.00014023170348082857,1.1409760420306965,1.9257500899902856e-06,1.1196185188147103,1.8027032534111485,6.976982593536377
85,736.4545454545455,thrust_loss_85,128,multiplicative,True,0.6010402882483911,land,0,0.0054125408952781714,0.22286661570438074,2724.0876879026487,2.1,multiplicative,0.0,14.999999999999998,0.2747826520907494,29.342215215238426,0.002536725326649141,49.07796705149123,1.803120864745173,33.9665470123291
81,665.8843124224463,thrust_loss_85,79,multiplicative,True,0.601121432633039,land,1,0.005501631295203489,0.22104573458731824,2502.283818723659,2.1,multiplicative,4.0,9.191669730925033,0.2803588899037919,16.246253319313137,0.0026157155010547504,57.758629563767805,1.803364297899117,27.313541889190674
77,587.2765091311609,thrust_loss_85,152,multiplicative,True,0.6011097572068246,land,2,0.005475363299439129,0.21246070087919944,2269.021730789497,2.1,multiplicative,8.0,10.22187434410048,0.2788454652602104,28.671728873929897,0.002595926317121595,52.70609072372358,1.8033292716204739,36.01565861701965
72,495.1487237150771,thrust_loss_85,136,multiplicative,True,0.6011149196066045,land,3,0.005466149777485827,0.2117739070430178,1979.5321223507726,2.1,multiplicative,13.0,43.14312869759706,0.2783114083464994,4.089293894893052,0.002588140785378073,59.860485392628206,1.8033447588198135,31.654783248901367
68,419.08185201377603,thrust_loss_85,107,multiplicative,True,0.6011168339554324,land,4,0.005469100921120196,0.21688815692727995,1745.6235411771163,2.1,multiplicative,17.0,38.20686033111046,0.2784866122024504,30.883072386511085,0.002591242608617688,51.314722556044664,1.803350501866297,30.686156749725342
64,350.31191945099016,thrust_loss_85,85,multiplicative,True,0.6011175366080563,land,5,0.005470236680013815,0.21808102735076446,1512.2056558825393,2.1,multiplicative,21.0,22.294166351862454,0.27855394847823745,33.79393217601729,0.0025922350454949234,49.57792032833256,1.803352609824169,26.86931800842285
60,282.4549151778067,thrust_loss_85,126,multiplicative,True,0.6011167939687262,land,6,0.0054730761336339966,0.21788841534112782,1275.8782794737574,2.1,multiplicative,25.0,20.062292577483905,0.27871008852927276,8.313204708071043,0.0025939036726885644,59.15533486164134,1.8033503819061785,30.81158137321472
55,211.89971928079592,thrust_loss_85,82,multiplicative,True,0.6010330953676265,land,7,0.005428717310517108,0.22104739482085645,978.4891140323834,2.1,multiplicative,30.0,31.25107208588853,0.27568755340947204,28.06377692264284,0.002547130666163169,52.934654215708925,1.8030992861028794,23.858426332473755
51,159.80179157123658,thrust_loss_85,40,multiplicative,True,0.6010350075537315,land,8,0.005421454058707835,0.21387014487610276,739.460979388465,2.1,multiplicative,34.0,54.46242124916059,0.27526282589368084,51.75396553176433,0.0025394103578957887,30.35666463450774,1.8031050226611947,16.229769706726074
47,109.00383724834768,thrust_loss_85,55,multiplicative,True,0.6010817900466395,land,9,0.002952797596632357,0.4284727503199085,499.20971160107734,2.1,multiplicative,38.0,50.70774445056735,0.1334940338577476,50.32792516928573,0.0013385952815357712,32.6664963555655,1.8032453701399187,16.33027195930481
43,56.19745930050679,thrust_loss_85,400,multiplicative,False,inf,no_recovery,10,,,263.86321605494487,2.1,multiplicative,42.0,60.22259519691488,,51.90204074611806,,19.82121159451976,,40.85649514198303
39,19.15574425039258,thrust_loss_85,316,multiplicative,False,inf,no_recovery,11,,,87.31531456645605,2.1,multiplicative,46.0,62.88595225261751,,32.08769130694379,,12.417934527400181,,32.57188820838928
34,3.8072653166479418,thrust_loss_85,29,multiplicative,True,0.6010845389718903,land,12,0.005449570619509557,0.20012261469910586,17.911836815533665,2.1,multiplicative,51.0,62.865110661079726,0.2770898738811145,6.055084667661089,0.002563711031703745,5.678429528714541,1.803253616915671,10.13215160369873
30,7.785311977454762,thrust_loss_85,21,multiplicative,True,0.6011023962757263,land,13,0.005448414910765607,0.20017073500166133,17.049075660045983,2.1,multiplicative,55.0,20.743017850954175,0.27709855938345324,1.924104743234002,0.002565382221276249,4.871269687938275,1.8033071888271788,8.44470500946045
26,1.5917432622180052,thrust_loss_85,21,multiplicative,True,0.6011007666018812,land,14,0.005447145418296035,0.2002162601387738,1.9827376428065278,2.1,multiplicative,59.0,26.92365442634238,0.27703173557639305,1.1409760420306965,0.0025649428441588762,1.1196185188147103,1.8033022998056436,7.039799928665161
85,736.4545454545455,tvc_bias,220,additive,True,0.6009059694648277,land,0,1.2025385239360593e-06,0.0023077959212613893,2724.0876879026487,2.7,additive,0.0,14.999999999999998,0.0005865133542298028,29.342215215238426,1.678589693385402e-05,49.07796705149123,1.802717908394483,47.976142168045044
81,665.8843124224463,tvc_bias,165,additive,True,0.600913903621289,land,1,2.252994805961121e-05,0.0027140139035133964,2502.283818723659,2.7,additive,4.0,9.191669730925033,0.0016263970855407166,16.246253319313137,2.7495057700484812e-05,57.758629563767805,1.8027417108638673,38.84083271026611
77,587.2765091311609,tvc_bias,189,additive,True,0.600909945328954,land,2,3.213399528608684e-05,0.0014592936104748143,2269.021730789497,2.7,additive,8.0,10.22187434410048,0.002135963851076839,28.671728873929897,3.270714894512969e-05,52.70609072372358,1.802729835986862,40.849358320236206
72,495.1487237150771,tvc_bias,171,additive,True,0.6009049355750813,land,3,2.4774638413217155e-05,0.0037267832837165967,1979.5321223507726,2.7,additive,13.0,43.14312869759706,0.0017469041928047896,4.089293894893052,2.8799202806325946e-05,59.860485392628206,1.8027148067252439,36.861254930496216
68,419.08185201377603,tvc_bias,165,additive,True,0.6009126019638228,land,4,2.3933644663345858e-05,0.0034243305496626728,1745.6235411771163,2.7,additive,17.0,38.20686033111046,0.0017032525055151397,30.883072386511085,2.8394796810787808e-05,51.314722556044664,1.8027378058914685,48.70669198036194
64,350.31191945099016,tvc_bias,145,additive,True,0.600911360971854,land,5,2.3559320794907432e-05,0.0032902826895478895,1512.2056558825393,2.7,additive,21.0,22.294166351862454,0.0016835817530228953,33.79393217601729,2.8196189576246783e-05,49.57792032833256,1.802734082915562,38.10641694068909
60,282.4549151778067,tvc_bias,144,additive,True,0.6009080511929809,land,6,2.5251661659272994e-05,0.0033573556446339133,1275.8782794737574,2.7,additive,25.0,20.062292577483905,0.0017695820855057548,8.313204708071043,2.899325942401594e-05,59.15533486164134,1.8027241535789424,32.729671478271484
55,211.89971928079592,tvc_bias,73,additive,True,0.6009209466605304,land,7,3.243952661445619e-05,0.0010799576019879084,978.4891140323834,2.7,additive,30.0,31.25107208588853,0.0020710744422747234,28.06377692264284,3.047172629866504e-05,52.934654215708925,1.8027628399815914,21.623676300048828
51,159.80179157123658,tvc_bias,63,additive,True,0.6009060918760815,land,8,5.676528277056174e-05,0.0014376484668738585,739.460979388465,2.7,additive,34.0,54.46242124916059,0.0034895220955033636,51.75396553176433,4.6558411262265044e-05,30.35666463450774,1.8027182756282445,18.751451015472412
47,109.00383724834768,tvc_bias,54,additive,True,0.6009228745772678,land,9,3.481122224300585e-05,0.0009282093349388961,499.20971160107734,2.7,additive,38.0,50.70774445056735,0.0022412394553042838,50.32792516928573,3.305994866432001e-05,32.6664963555655,1.8027686237318035,15.91545820236206
43,56.19745930050679,tvc_bias,48,additive,True,0.600903125008971,land,10,4.117830726690304e-05,0.0017270718336599709,263.86321605494487,2.7,additive,42.0,60.22259519691488,0.0026269433809015777,51.90204074611806,3.785244601171353e-05,19.82121159451976,1.8027093750269132,14.153437376022339
39,19.15574425039258,tvc_bias,32,additive,True,0.6009014832416767,land,11,3.297259495382596e-05,0.002860790090657126,87.31531456645605,2.7,additive,46.0,62.88595225261751,0.002196989180849675,32.08769130694379,3.392097354269254e-05,12.417934527400181,1.8027044497250302,11.865448236465454
34,3.8072653166479418,tvc_bias,30,additive,True,0.6009011812412126,land,12,2.8563711248912774e-05,0.003971865711724619,17.911836815533665,2.7,additive,51.0,62.865110661079726,0.0018337048595307964,6.055084667661089,2.7916224467991868e-05,5.678429528714541,1.8027035437236378,10.740569829940796
30,7.785311977454762,tvc_bias,25,additive,True,0.6009014702395493,land,13,1.9023112973765584e-05,0.0016333803463367302,17.049075660045983,2.7,additive,55.0,20.743017850954175,0.0014039843345037032,1.924104743234002,2.53220880229842e-05,4.871269687938275,1.8027044107186478,8.780837059020996
26,1.5917432622180052,tvc_bias,21,additive,True,0.6009009465229345,land,14,4.1313714380852754e-05,0.0030471666427526996,1.9827376428065278,2.7,additive,59.0,26.92365442634238,0.002558426077864626,1.1409760420306965,3.557171046570836e-05,1.1196185188147103,1.8027028395688034,7.017739772796631
85,736.4545454545455,valve_stuck_open,122,structural,True,0.6009045367157151,land,0,0.0037127138523411853,0.12779632854944362,2724.0876879026487,2.2 / 1.4,structural,0.0,14.999999999999998,0.1866570074629028,29.342215215238426,0.001664462382609219,49.07796705149123,1.8027136101471453,32.723408460617065
81,665.8843124224463,valve_stuck_open,115,structural,True,0.6009022960787594,land,1,0.00371555361853308,0.12796163480720535,2502.283818723659,2.2 / 1.4,structural,4.0,9.191669730925033,0.1868134763163619,16.246253319313137,0.0016663407703526967,57.758629563767805,1.8027068882362784,31.165672302246094
77,587.2765091311609,valve_stuck_open,138,structural,True,0.6009060090980384,land,2,0.0037192219327178183,0.1281717191189757,2269.021730789497,2.2 / 1.4,structural,8.0,10.22187434410048,0.18700716898511835,28.671728873929897,0.001668611049140515,52.70609072372358,1.8027180272941152,33.79075765609741
72,495.1487237150771,valve_stuck_open,122,structural,True,0.600902766612827,land,3,0.0037158726958633655,0.12800693576610558,1979.5321223507726,2.2 / 1.4,structural,13.0,43.14312869759706,0.18683119071860899,4.089293894893052,0.0016666019357447577,59.860485392628206,1.8027082998384811,29.949856758117676
68,419.08185201377603,valve_stuck_open,135,structural,True,0.600905298311052,land,4,0.00371539782114319,0.1279773773374972,1745.6235411771163,2.2 / 1.4,structural,17.0,38.20686033111046,0.18680504469790524,30.883072386511085,0.0016663305771896122,51.314722556044664,1.802715894933156,36.954877853393555
64,350.31191945099016,valve_stuck_open,118,structural,True,0.6009051907615103,land,5,0.003708579448037105,0.1276074072587194,1512.2056558825393,2.2 / 1.4,structural,21.0,22.294166351862454,0.18644210584694482,33.79393217601729,0.001662181116756127,49.57792032833256,1.802715572284531,31.690964698791504
60,282.4549151778067,valve_stuck_open,123,structural,True,0.6009022295427133,land,6,0.0037062179872055,0.12749281572202642,1275.8782794737574,2.2 / 1.4,structural,25.0,20.062292577483905,0.1863189022513002,8.313204708071043,0.0016607844884417341,59.15533486164134,1.80270668862814,30.463993310928345
55,211.89971928079592,valve_stuck_open,83,structural,True,0.6009023026585222,land,7,0.003971638057414058,0.14272351670193464,978.4891140323834,2.2 / 1.4,structural,30.0,31.25107208588853,0.20033768850143036,28.06377692264284,0.0018200459603515328,52.934654215708925,1.8027069079755667,23.369364738464355
51,159.80179157123658,valve_stuck_open,71,structural,True,0.6009061119779954,land,8,0.0037321014712914146,0.12891134075094218,739.460979388465,2.2 / 1.4,structural,34.0,54.46242124916059,0.18768732353130743,51.75396553176433,0.0016762810189951997,30.35666463450774,1.802718335933986,19.691795825958252
47,109.00383724834768,valve_stuck_open,68,structural,True,0.600902268925182,land,9,0.004011975625151033,0.14496654444976226,499.20971160107734,2.2 / 1.4,structural,38.0,50.70774445056735,0.20238516212315616,50.32792516928573,0.0018412660706554561,32.6664963555655,1.8027068067755458,18.337538242340088
43,56.19745930050679,valve_stuck_open,37,structural,True,0.6009057595904285,land,10,0.0039584648976986065,0.14187485216131676,263.86321605494487,2.2 / 1.4,structural,42.0,60.22259519691488,0.19963969747334248,51.90204074611806,0.0018119891035489884,19.82121159451976,1.8027172787712853,14.013239860534668
39,19.15574425039258,valve_stuck_open,36,structural,True,0.6009022338870166,land,11,0.00397713022421972,0.14319661841041972,87.31531456645605,2.2 / 1.4,structural,46.0,62.88595225261751,0.20060728877484316,32.08769130694379,0.0018225143408299976,12.417934527400181,1.8027067016610498,11.959458827972412
34,3.8072653166479418,valve_stuck_open,31,structural,True,0.6009021743738256,land,12,0.003865471012605332,0.13642307303959383,17.911836815533665,2.2 / 1.4,structural,51.0,62.865110661079726,0.1947673397641326,6.055084667661089,0.0017573330878620133,5.678429528714541,1.802706523121477,10.072608232498169
30,7.785311977454762,valve_stuck_open,19,structural,True,0.6009022425268226,land,13,0.004000846701395697,0.1442050647806311,17.049075660045983,2.2 / 1.4,structural,55.0,20.743017850954175,0.2018178894459535,1.924104743234002,0.0018350365402669115,4.871269687938275,1.8027067275804676,8.131390571594238
26,1.5917432622180052,valve_stuck_open,19,structural,True,0.6009021970070453,land,14,0.003909330141386711,0.13891240503248176,1.9827376428065278,2.2 / 1.4,structural,59.0,26.92365442634238,0.19707015299725508,1.1409760420306965,0.0017830840848765681,1.1196185188147103,1.8027065910211357,6.954635381698608
