y_eng_m,a_x,a_y,a_z,roll_degs2,pitch_degs2,yaw_degs2,roll_ratio,pitch_ratio,yaw_ratio
0.000,0.773779,0.773779,6.07185,148.465,148.465,34.4002,1.0000,1.0000,1.0000
0.010,0.773779,0.773779,6.07185,148.465,148.465,34.9354,1.0000,1.0000,1.0156
0.020,0.773779,0.773779,6.07185,148.465,148.465,35.4706,1.0000,1.0000,1.0311
0.030,0.773779,0.773779,6.07185,148.465,148.465,36.0058,1.0000,1.0000,1.0467
0.040,0.773779,0.773779,6.07185,148.465,148.465,36.541,1.0000,1.0000,1.0622
0.050,0.773779,0.773779,6.07185,148.465,148.465,37.0763,1.0000,1.0000,1.0778
0.060,0.773779,0.773779,6.07185,148.465,148.465,37.6115,1.0000,1.0000,1.0934
0.070,0.773779,0.773779,6.07185,148.465,148.465,38.1467,1.0000,1.0000,1.1089
0.080,0.773779,0.773779,6.07185,148.465,148.465,38.6819,1.0000,1.0000,1.1245
0.090,0.773779,0.773779,6.07185,148.465,148.465,39.2171,1.0000,1.0000,1.1400
0.100,0.773779,0.773779,6.07185,148.465,148.465,39.7523,1.0000,1.0000,1.1556
0.110,0.773779,0.773779,6.07185,148.465,148.465,40.2875,1.0000,1.0000,1.1711
0.120,0.773779,0.773779,6.07185,148.465,148.465,40.8227,1.0000,1.0000,1.1867
0.130,0.773779,0.773779,6.07185,148.465,148.465,41.3579,1.0000,1.0000,1.2023
0.140,0.773779,0.773779,6.07185,148.465,148.465,41.8932,1.0000,1.0000,1.2178
0.150,0.773779,0.773779,6.07185,148.465,148.465,42.4284,1.0000,1.0000,1.2334
0.160,0.773779,0.773779,6.07185,148.465,148.465,42.9636,1.0000,1.0000,1.2489
0.170,0.773779,0.773779,6.07185,148.465,148.465,43.4988,1.0000,1.0000,1.2645
0.180,0.773779,0.773779,6.07185,148.465,148.465,44.034,1.0000,1.0000,1.2801
0.190,0.773779,0.773779,6.07185,148.465,148.465,44.5692,1.0000,1.0000,1.2956
0.200,0.773779,0.773779,6.07185,148.465,148.465,45.1044,1.0000,1.0000,1.3112
0.210,0.773779,0.773779,6.07185,148.465,148.465,45.6396,1.0000,1.0000,1.3267
0.220,0.773779,0.773779,6.07185,148.465,148.465,46.1748,1.0000,1.0000,1.3423
0.230,0.773779,0.773779,6.07185,148.465,148.465,46.7101,1.0000,1.0000,1.3578
0.240,0.773779,0.773779,6.07185,148.465,148.465,47.2453,1.0000,1.0000,1.3734
0.250,0.773779,0.773779,6.07185,148.465,148.465,47.7805,1.0000,1.0000,1.3890
0.260,0.773779,0.773779,6.07185,148.465,148.465,48.3157,1.0000,1.0000,1.4045
0.270,0.773779,0.773779,6.07185,150.196,148.465,48.8509,1.0117,1.0000,1.4201
0.280,0.773779,0.773779,6.07185,152.586,148.465,49.3861,1.0278,1.0000,1.4356
0.290,0.773779,0.773779,6.07185,154.977,148.465,49.9213,1.0439,1.0000,1.4512
0.300,0.773779,0.773779,6.07185,157.368,148.465,50.4565,1.0600,1.0000,1.4668
0.310,0.773779,0.773779,6.07185,159.758,148.465,50.9917,1.0761,1.0000,1.4823
0.320,0.773779,0.773779,6.07185,162.149,148.465,51.527,1.0922,1.0000,1.4979
0.330,0.773779,0.773779,6.07185,164.539,148.465,52.0622,1.1083,1.0000,1.5134
0.340,0.773779,0.773779,6.07185,166.93,148.465,52.5974,1.1244,1.0000,1.5290
0.350,0.773779,0.773779,6.07185,169.32,148.465,53.1326,1.1405,1.0000,1.5445
0.360,0.773779,0.773779,6.07185,171.711,148.465,53.6678,1.1566,1.0000,1.5601
0.370,0.773779,0.773779,6.07185,174.101,148.465,54.203,1.1727,1.0000,1.5757
0.380,0.773779,0.773779,6.07185,176.492,148.465,54.7382,1.1888,1.0000,1.5912
0.390,0.773779,0.773779,6.07185,178.882,148.465,55.2734,1.2049,1.0000,1.6068
0.400,0.773779,0.773779,6.07185,181.273,148.465,55.8086,1.2210,1.0000,1.6223
0.410,0.773779,0.773779,6.07185,183.663,148.465,56.3439,1.2371,1.0000,1.6379
0.420,0.773779,0.773779,6.07185,186.054,148.465,56.8791,1.2532,1.0000,1.6535
0.430,0.773779,0.773779,6.07185,188.444,148.465,57.4143,1.2693,1.0000,1.6690
0.440,0.773779,0.773779,6.07185,190.835,148.465,57.9495,1.2854,1.0000,1.6846
0.450,0.773779,0.773779,6.07185,193.225,148.465,58.4847,1.3015,1.0000,1.7001
0.460,0.773779,0.773779,6.07185,195.616,148.465,59.0199,1.3176,1.0000,1.7157
0.470,0.773779,0.773779,6.07185,198.006,148.465,59.5551,1.3337,1.0000,1.7312
0.480,0.773779,0.773779,6.07185,200.397,148.465,60.0903,1.3498,1.0000,1.7468
0.490,0.773779,0.773779,6.07185,202.787,148.465,60.6255,1.3659,1.0000,1.7624
0.500,0.773779,0.773779,6.07185,205.178,148.465,61.1608,1.3820,1.0000,1.7779
0.510,0.773779,0.773779,6.07185,207.568,148.465,61.696,1.3981,1.0000,1.7935
0.520,0.773779,0.773779,6.07185,209.959,148.465,62.2312,1.4142,1.0000,1.8090
0.530,0.773779,0.773779,6.07185,212.35,148.465,62.7664,1.4303,1.0000,1.8246
0.540,0.773779,0.773779,6.07185,214.74,148.465,63.3016,1.4464,1.0000,1.8402
0.550,0.773779,0.773779,6.07185,217.131,148.465,63.8368,1.4625,1.0000,1.8557
0.560,0.773779,0.773779,6.07185,219.521,148.465,64.372,1.4786,1.0000,1.8713
0.570,0.773779,0.773779,6.07185,221.912,148.465,64.9072,1.4947,1.0000,1.8868
0.580,0.773779,0.773779,6.07185,224.302,148.465,65.4424,1.5108,1.0000,1.9024
0.590,0.773779,0.773779,6.07185,226.693,148.465,65.9777,1.5269,1.0000,1.9179
0.600,0.773779,0.773779,6.07185,229.083,148.465,66.5129,1.5430,1.0000,1.9335
0.610,0.773779,0.773779,6.07185,231.474,148.465,67.0481,1.5591,1.0000,1.9491
0.620,0.773779,0.773779,6.07185,233.864,148.465,67.5833,1.5752,1.0000,1.9646
0.630,0.773779,0.773779,6.07185,236.255,148.465,68.1185,1.5913,1.0000,1.9802
0.640,0.773779,0.773779,6.07185,238.645,148.465,68.6537,1.6074,1.0000,1.9957
0.650,0.773779,0.773779,6.07185,241.036,148.465,69.1889,1.6235,1.0000,2.0113
0.660,0.773779,0.773779,6.07185,243.426,148.465,69.7241,1.6396,1.0000,2.0269
0.670,0.773779,0.773779,6.07185,245.817,148.465,70.2593,1.6557,1.0000,2.0424
0.680,0.773779,0.773779,6.07185,248.207,148.465,70.7946,1.6718,1.0000,2.0580
0.690,0.773779,0.773779,6.07185,250.598,148.465,71.3298,1.6879,1.0000,2.0735
0.700,0.773779,0.773779,6.07185,252.988,148.465,71.865,1.7040,1.0000,2.0891
0.710,0.773779,0.773779,6.07185,255.379,148.465,72.4002,1.7201,1.0000,2.1046
0.720,0.773779,0.773779,6.07185,257.769,148.465,72.9354,1.7362,1.0000,2.1202
0.730,0.773779,0.773779,6.07185,260.16,148.465,73.4706,1.7523,1.0000,2.1358
0.740,0.773779,0.773779,6.07185,262.551,148.465,74.0058,1.7684,1.0000,2.1513
0.750,0.773779,0.773779,6.07185,264.941,148.465,74.541,1.7845,1.0000,2.1669
0.760,0.773779,0.773779,6.07185,267.332,148.465,75.0762,1.8006,1.0000,2.1824
0.770,0.773779,0.773779,6.07185,269.722,148.465,75.6115,1.8167,1.0000,2.1980
0.780,0.773779,0.773779,6.07185,272.113,148.465,76.1467,1.8328,1.0000,2.2136
0.790,0.773779,0.773779,6.07185,274.503,148.465,76.6819,1.8489,1.0000,2.2291
0.800,0.773779,0.773779,6.07185,276.894,148.465,77.2171,1.8650,1.0000,2.2447
0.810,0.773779,0.773779,6.07185,279.284,148.465,77.7523,1.8811,1.0000,2.2602
0.820,0.773779,0.773779,6.07185,281.675,148.465,78.2875,1.8972,1.0000,2.2758
0.830,0.773779,0.773779,6.07185,284.065,148.465,78.8227,1.9133,1.0000,2.2913
0.840,0.773779,0.773779,6.07185,286.456,148.465,79.3579,1.9294,1.0000,2.3069
0.850,0.773779,0.773779,6.07185,288.846,148.465,79.8931,1.9455,1.0000,2.3225
0.860,0.773779,0.773779,6.07185,291.237,148.465,80.4284,1.9616,1.0000,2.3380
0.870,0.773779,0.773779,6.07185,293.627,148.465,80.9636,1.9777,1.0000,2.3536
0.880,0.773779,0.773779,6.07185,296.018,148.465,81.4988,1.9939,1.0000,2.3691
0.890,0.773779,0.773779,6.07185,298.408,148.465,82.034,2.0100,1.0000,2.3847
0.900,0.773779,0.773779,6.07185,300.799,148.465,82.5692,2.0261,1.0000,2.4003
0.910,0.773779,0.773779,6.07185,303.189,148.465,83.1044,2.0422,1.0000,2.4158
0.920,0.773779,0.773779,6.07185,305.58,148.465,83.6396,2.0583,1.0000,2.4314
0.930,0.773779,0.773779,6.07185,307.97,148.465,84.1748,2.0744,1.0000,2.4469
0.940,0.773779,0.773779,6.07185,310.361,148.465,84.71,2.0905,1.0000,2.4625
0.950,0.773779,0.773779,6.07185,312.751,148.465,85.2453,2.1066,1.0000,2.4780
0.960,0.773779,0.773779,6.07185,315.142,148.465,85.7805,2.1227,1.0000,2.4936
0.970,0.773779,0.773779,6.07185,317.533,148.465,86.3157,2.1388,1.0000,2.5092
0.980,0.773779,0.773779,6.07185,319.923,148.465,86.8509,2.1549,1.0000,2.5247
0.990,0.773779,0.773779,6.07185,322.314,148.465,87.3861,2.1710,1.0000,2.5403
1.000,0.773779,0.773779,6.07185,324.704,148.465,87.9213,2.1871,1.0000,2.5558
1.010,0.773779,0.773779,6.07185,327.095,148.465,88.4565,2.2032,1.0000,2.5714
1.020,0.773779,0.773779,6.07185,329.485,148.465,88.9917,2.2193,1.0000,2.5870
1.030,0.773779,0.773779,6.07185,331.876,148.465,89.5269,2.2354,1.0000,2.6025
1.040,0.773779,0.773779,6.07185,334.266,148.465,90.0621,2.2515,1.0000,2.6181
1.050,0.773779,0.773779,6.07185,336.657,148.465,90.5974,2.2676,1.0000,2.6336
1.060,0.773779,0.773779,6.07185,339.047,148.465,91.1326,2.2837,1.0000,2.6492
1.070,0.773779,0.773779,6.07185,341.438,148.465,91.6678,2.2998,1.0000,2.6647
1.080,0.773779,0.773779,6.07185,343.828,148.465,92.203,2.3159,1.0000,2.6803
1.090,0.773779,0.773779,6.07185,346.219,148.465,92.7382,2.3320,1.0000,2.6959
1.100,0.773779,0.773779,6.07185,348.609,148.465,93.2734,2.3481,1.0000,2.7114
1.110,0.773779,0.773779,6.07185,351,148.465,93.8086,2.3642,1.0000,2.7270
1.120,0.773779,0.773779,6.07185,353.39,148.465,94.3438,2.3803,1.0000,2.7425
1.130,0.773779,0.773779,6.07185,355.781,148.465,94.879,2.3964,1.0000,2.7581
1.140,0.773779,0.773779,6.07185,358.171,148.465,95.4143,2.4125,1.0000,2.7737
1.150,0.773779,0.773779,6.07185,360.562,148.465,95.9495,2.4286,1.0000,2.7892
1.160,0.773779,0.773779,6.07185,362.952,148.465,96.4847,2.4447,1.0000,2.8048
1.170,0.773779,0.773779,6.07185,365.343,148.465,97.0199,2.4608,1.0000,2.8203
1.180,0.773779,0.773779,6.07185,367.733,148.465,97.5551,2.4769,1.0000,2.8359
1.190,0.773779,0.773779,6.07185,370.124,148.465,98.0903,2.4930,1.0000,2.8514
1.200,0.773779,0.773779,6.07185,372.515,148.465,98.6255,2.5091,1.0000,2.8670
1.210,0.773779,0.773779,6.07185,374.905,148.465,99.1607,2.5252,1.0000,2.8826
1.220,0.773779,0.773779,6.07185,377.296,148.465,99.6959,2.5413,1.0000,2.8981
1.230,0.773779,0.773779,6.07185,379.686,148.465,100.231,2.5574,1.0000,2.9137
1.240,0.773779,0.773779,6.07185,382.077,148.465,100.766,2.5735,1.0000,2.9292
1.250,0.773779,0.773779,6.07185,384.467,148.465,101.302,2.5896,1.0000,2.9448
1.260,0.773779,0.773779,6.07185,386.858,148.465,101.837,2.6057,1.0000,2.9604
1.270,0.773779,0.773779,6.07185,389.248,148.465,102.372,2.6218,1.0000,2.9759
1.280,0.773779,0.773779,6.07185,391.639,148.465,102.907,2.6379,1.0000,2.9915
1.290,0.773779,0.773779,6.07185,394.029,148.465,103.442,2.6540,1.0000,3.0070
1.300,0.773779,0.773779,6.07185,396.42,148.465,103.978,2.6701,1.0000,3.0226
1.310,0.773779,0.773779,6.07185,398.81,148.465,104.513,2.6862,1.0000,3.0381
1.320,0.773779,0.773779,6.07185,401.201,148.465,105.048,2.7023,1.0000,3.0537
1.330,0.773779,0.773779,6.07185,403.591,148.465,105.583,2.7184,1.0000,3.0693
1.340,0.773779,0.773779,6.07185,405.982,148.465,106.118,2.7345,1.0000,3.0848
1.350,0.773779,0.773779,6.07185,408.372,148.465,106.654,2.7506,1.0000,3.1004
1.360,0.773779,0.773779,6.07185,410.763,148.465,107.189,2.7667,1.0000,3.1159
1.370,0.773779,0.773779,6.07185,413.153,148.465,107.724,2.7828,1.0000,3.1315
1.380,0.773779,0.773779,6.07185,415.544,148.465,108.259,2.7989,1.0000,3.1471
1.390,0.773779,0.773779,6.07185,417.934,148.465,108.795,2.8150,1.0000,3.1626
1.400,0.773779,0.773779,6.07185,420.325,148.465,109.33,2.8311,1.0000,3.1782
1.410,0.773779,0.773779,6.07185,422.716,148.465,109.865,2.8472,1.0000,3.1937
1.420,0.773779,0.773779,6.07185,425.106,148.465,110.4,2.8633,1.0000,3.2093
1.430,0.773779,0.773779,6.07185,427.497,148.465,110.935,2.8794,1.0000,3.2248
1.440,0.773779,0.773779,6.07185,429.887,148.465,111.471,2.8955,1.0000,3.2404
1.450,0.773779,0.773779,6.07185,432.278,148.465,112.006,2.9116,1.0000,3.2560
1.460,0.773779,0.773779,6.07185,434.668,148.465,112.541,2.9277,1.0000,3.2715
1.470,0.773779,0.773779,6.07185,437.059,148.465,113.076,2.9438,1.0000,3.2871
1.480,0.773779,0.773779,6.07185,439.449,148.465,113.611,2.9599,1.0000,3.3026
1.490,0.773779,0.773779,6.07185,441.84,148.465,114.147,2.9760,1.0000,3.3182
1.500,0.773779,0.773779,6.07185,444.23,148.465,114.682,2.9921,1.0000,3.3338
1.510,0.773779,0.773779,6.07185,446.621,148.465,115.217,3.0082,1.0000,3.3493
1.520,0.773779,0.773779,6.07185,449.011,148.465,115.752,3.0244,1.0000,3.3649
1.530,0.773779,0.773779,6.07185,451.402,148.465,116.287,3.0405,1.0000,3.3804
1.540,0.773779,0.773779,6.07185,453.792,148.465,116.823,3.0566,1.0000,3.3960
1.550,0.773779,0.773779,6.07185,456.183,148.465,117.358,3.0727,1.0000,3.4115
1.560,0.773779,0.773779,6.07185,458.573,148.465,117.893,3.0888,1.0000,3.4271
1.570,0.773779,0.773779,6.07185,460.964,148.465,118.428,3.1049,1.0000,3.4427
1.580,0.773779,0.773779,6.07185,463.354,148.465,118.964,3.1210,1.0000,3.4582
1.590,0.773779,0.773779,6.07185,465.745,148.465,119.499,3.1371,1.0000,3.4738
1.600,0.773779,0.773779,6.07185,468.135,148.465,120.034,3.1532,1.0000,3.4893
1.610,0.773779,0.773779,6.07185,470.526,148.465,120.569,3.1693,1.0000,3.5049
1.620,0.773779,0.773779,6.07185,472.916,148.465,121.104,3.1854,1.0000,3.5205
1.630,0.773779,0.773779,6.07185,475.307,148.465,121.64,3.2015,1.0000,3.5360
1.640,0.773779,0.773779,6.07185,477.698,148.465,122.175,3.2176,1.0000,3.5516
1.650,0.773779,0.773779,6.07185,480.088,148.465,122.71,3.2337,1.0000,3.5671
1.660,0.773779,0.773779,6.07185,482.479,148.465,123.245,3.2498,1.0000,3.5827
1.670,0.773779,0.773779,6.07185,484.869,148.465,123.78,3.2659,1.0000,3.5982
1.680,0.773779,0.773779,6.07185,487.26,148.465,124.316,3.2820,1.0000,3.6138
1.690,0.773779,0.773779,6.07185,489.65,148.465,124.851,3.2981,1.0000,3.6294
1.700,0.773779,0.773779,6.07185,492.041,148.465,125.386,3.3142,1.0000,3.6449
1.710,0.773779,0.773779,6.07185,494.431,148.465,125.921,3.3303,1.0000,3.6605
1.720,0.773779,0.773779,6.07185,496.822,148.465,126.456,3.3464,1.0000,3.6760
1.730,0.773779,0.773779,6.07185,499.212,148.465,126.992,3.3625,1.0000,3.6916
1.740,0.773779,0.773779,6.07185,501.603,148.465,127.527,3.3786,1.0000,3.7072
1.750,0.773779,0.773779,6.07185,503.993,148.465,128.062,3.3947,1.0000,3.7227
1.760,0.773779,0.773779,6.07185,506.384,148.465,128.597,3.4108,1.0000,3.7383
1.770,0.773779,0.773779,6.07185,508.774,148.465,129.133,3.4269,1.0000,3.7538
1.780,0.773779,0.773779,6.07185,511.165,148.465,129.668,3.4430,1.0000,3.7694
1.790,0.773779,0.773779,6.07185,513.555,148.465,130.203,3.4591,1.0000,3.7849
1.800,0.773779,0.773779,6.07185,515.946,148.465,130.738,3.4752,1.0000,3.8005
1.810,0.773779,0.773779,6.07185,518.336,148.465,131.273,3.4913,1.0000,3.8161
1.820,0.773779,0.773779,6.07185,520.727,148.465,131.809,3.5074,1.0000,3.8316
1.830,0.773779,0.773779,6.07185,523.117,148.465,132.344,3.5235,1.0000,3.8472
1.840,0.773779,0.773779,6.07185,525.508,148.465,132.879,3.5396,1.0000,3.8627
1.850,0.773779,0.773779,6.07185,527.899,148.465,133.414,3.5557,1.0000,3.8783
1.860,0.773779,0.773779,6.07185,530.289,148.465,133.949,3.5718,1.0000,3.8939
1.870,0.773779,0.773779,6.07185,532.68,148.465,134.485,3.5879,1.0000,3.9094
1.880,0.773779,0.773779,6.07185,535.07,148.465,135.02,3.6040,1.0000,3.9250
1.890,0.773779,0.773779,6.07185,537.461,148.465,135.555,3.6201,1.0000,3.9405
1.900,0.773779,0.773779,6.07185,539.851,148.465,136.09,3.6362,1.0000,3.9561
1.910,0.773779,0.773779,6.07185,542.242,148.465,136.626,3.6523,1.0000,3.9716
1.920,0.773779,0.773779,6.07185,544.632,148.465,137.161,3.6684,1.0000,3.9872
1.930,0.773779,0.773779,6.07185,547.023,148.465,137.696,3.6845,1.0000,4.0028
1.940,0.773779,0.773779,6.07185,549.413,148.465,138.231,3.7006,1.0000,4.0183
1.950,0.773779,0.773779,6.07185,551.804,148.465,138.766,3.7167,1.0000,4.0339
1.960,0.773779,0.773779,6.07185,554.194,148.465,139.302,3.7328,1.0000,4.0494
1.970,0.773779,0.773779,6.07185,556.585,148.465,139.837,3.7489,1.0000,4.0650
1.980,0.773779,0.773779,6.07185,558.975,148.465,140.372,3.7650,1.0000,4.0806
1.990,0.773779,0.773779,6.07185,561.366,148.465,140.907,3.7811,1.0000,4.0961
2.000,0.773779,0.773779,6.07185,563.756,148.465,141.442,3.7972,1.0000,4.1117
