Category,Spacecraft,T/W,RCS units N,RCS DOF required,RCS basis,Minimal fatal sets,Fewest fatal failures,Fatal loss sets,Sample space,Fatal 1-thruster losses,Fatal 2-thruster losses,Fatal 3-thruster losses,Fatal 4-thruster losses,Fatal 5-thruster losses,Fatal 6-thruster losses,Fatal 7-thruster losses,Fatal 8-thruster losses,Fatal 9-thruster losses,Fatal 10-thruster losses,Fatal 11-thruster losses,Fatal 12-thruster losses,Fatal 13-thruster losses,Fatal 14-thruster losses,Fatal 15-thruster losses,Fatal 16-thruster losses,Fatal 17-thruster losses,Fatal 18-thruster losses,Fatal 19-thruster losses,Fatal 20-thruster losses,Fatal 21-thruster losses,Fatal 22-thruster losses,Fatal 23-thruster losses,Fatal 24-thruster losses,P(fail) RCS,Engines N,Engines needed n,Engines losable,Engine loss sets counted,Engine sample space,P(fail) engines,P(fail) vehicle,P(success) vehicle,Plotted
Boosters,Delta IV Heavy,1.31648,n/a,n/a,n/a,n/a,n/a,n/a,n/a,n/a,n/a,n/a,n/a,n/a,n/a,n/a,n/a,n/a,n/a,n/a,n/a,n/a,n/a,n/a,n/a,n/a,n/a,n/a,n/a,n/a,n/a,n/a,n/a,n/a,3,3,0,7,8,0.875000000,0.875000000,0.125000000,yes
Boosters,Ariane 5 ECA,1.97668,n/a,n/a,n/a,n/a,n/a,n/a,n/a,n/a,n/a,n/a,n/a,n/a,n/a,n/a,n/a,n/a,n/a,n/a,n/a,n/a,n/a,n/a,n/a,n/a,n/a,n/a,n/a,n/a,n/a,n/a,n/a,n/a,1,0,1,1,2,0.500000000,0.500000000,0.500000000,yes
Boosters,Vega-C,2.25794,n/a,n/a,n/a,n/a,n/a,n/a,n/a,n/a,n/a,n/a,n/a,n/a,n/a,n/a,n/a,n/a,n/a,n/a,n/a,n/a,n/a,n/a,n/a,n/a,n/a,n/a,n/a,n/a,n/a,n/a,n/a,n/a,1,1,0,1,2,0.500000000,0.500000000,0.500000000,yes
Boosters,Vega,2.18978,n/a,n/a,n/a,n/a,n/a,n/a,n/a,n/a,n/a,n/a,n/a,n/a,n/a,n/a,n/a,n/a,n/a,n/a,n/a,n/a,n/a,n/a,n/a,n/a,n/a,n/a,n/a,n/a,n/a,n/a,n/a,n/a,1,1,0,1,2,0.500000000,0.500000000,0.500000000,yes
LEO Satellites,GRACE-FO (per satellite),3.39792e-05,12,3,geometry,6,2,3367,4096,0,6,60,255,600,860,792,495,220,66,12,1,n/a,n/a,n/a,n/a,n/a,n/a,n/a,n/a,n/a,n/a,n/a,n/a,0.822021484,2,1,1,3,4,0.750000000,0.955505371,0.044494629,yes
LEO Satellites,Sentinel-3A,0.000652618,8,3,geometry,7,2,199,256,0,7,35,64,56,28,8,1,n/a,n/a,n/a,n/a,n/a,n/a,n/a,n/a,n/a,n/a,n/a,n/a,n/a,n/a,n/a,n/a,0.777343750,n/a,n/a,n/a,n/a,n/a,n/a,0.777343750,0.222656250,yes
LEO Satellites,SMAP,n/a,8,3,geometry,7,2,199,256,0,7,35,64,56,28,8,1,n/a,n/a,n/a,n/a,n/a,n/a,n/a,n/a,n/a,n/a,n/a,n/a,n/a,n/a,n/a,n/a,0.777343750,n/a,n/a,n/a,n/a,n/a,n/a,0.777343750,0.222656250,no
LEO Satellites,Sentinel-1A,n/a,n/a,n/a,n/a,n/a,n/a,n/a,n/a,n/a,n/a,n/a,n/a,n/a,n/a,n/a,n/a,n/a,n/a,n/a,n/a,n/a,n/a,n/a,n/a,n/a,n/a,n/a,n/a,n/a,n/a,n/a,n/a,n/a,n/a,n/a,n/a,n/a,n/a,n/a,n/a,n/a,no
GEO Satellites,Solar Dynamics Observatory (SDO),0.0219476,8,3,geometry,7,2,199,256,0,7,35,64,56,28,8,1,n/a,n/a,n/a,n/a,n/a,n/a,n/a,n/a,n/a,n/a,n/a,n/a,n/a,n/a,n/a,n/a,0.777343750,1,1,0,1,2,0.500000000,0.888671875,0.111328125,yes
GEO Satellites,Meteosat Second Generation (MSG),0.0438478,6,2,geometry,4,1,55,64,2,11,20,15,6,1,n/a,n/a,n/a,n/a,n/a,n/a,n/a,n/a,n/a,n/a,n/a,n/a,n/a,n/a,n/a,n/a,n/a,n/a,0.859375000,2,1,1,3,4,0.750000000,0.964843750,0.035156250,yes
GEO Satellites,GOES-16 (GOES-R),n/a,n/a,n/a,n/a,n/a,n/a,n/a,n/a,n/a,n/a,n/a,n/a,n/a,n/a,n/a,n/a,n/a,n/a,n/a,n/a,n/a,n/a,n/a,n/a,n/a,n/a,n/a,n/a,n/a,n/a,n/a,n/a,n/a,n/a,n/a,n/a,n/a,n/a,n/a,n/a,n/a,no
GEO Satellites,GOES-19 (GOES-U),n/a,n/a,n/a,n/a,n/a,n/a,n/a,n/a,n/a,n/a,n/a,n/a,n/a,n/a,n/a,n/a,n/a,n/a,n/a,n/a,n/a,n/a,n/a,n/a,n/a,n/a,n/a,n/a,n/a,n/a,n/a,n/a,n/a,n/a,n/a,n/a,n/a,n/a,n/a,n/a,n/a,no
Crewed Vehicles,Orion (CM + European Service Module),0.137556,24,3,geometry,8,4,4989286,16777216,0,0,0,6,120,1136,6768,28455,89712,219954,429084,675567,865284,904074,768988,528879,290712,125668,41928,10626,2024,276,24,1,0.297384620,1,1,0,1,2,0.500000000,0.648692310,0.351307690,yes
Crewed Vehicles,Apollo Command & Service Module,0.330634,16,3,geometry,6,2,47311,65536,0,4,56,360,1408,3736,7088,9862,10160,7752,4368,1820,560,120,16,1,n/a,n/a,n/a,n/a,n/a,n/a,n/a,n/a,0.721908569,1,1,0,1,2,0.500000000,0.860954285,0.139045715,yes
Crewed Vehicles,Apollo Lunar Module,0.468031,16,3,geometry,6,2,47311,65536,0,4,56,360,1408,3736,7088,9862,10160,7752,4368,1820,560,120,16,1,n/a,n/a,n/a,n/a,n/a,n/a,n/a,n/a,0.721908569,1,1,0,1,2,0.500000000,0.860954285,0.139045715,yes
Crewed Vehicles,Crew Dragon (Dragon 2),n/a,16,6,geometry,24,2,62640,65536,0,16,204,1113,3524,7410,11208,12832,11440,8008,4368,1820,560,120,16,1,n/a,n/a,n/a,n/a,n/a,n/a,n/a,n/a,0.955810547,n/a,n/a,n/a,n/a,n/a,n/a,0.955810547,0.044189453,no
Deep Space Probes,Juno,0.0181439,n/a,n/a,n/a,n/a,n/a,n/a,n/a,n/a,n/a,n/a,n/a,n/a,n/a,n/a,n/a,n/a,n/a,n/a,n/a,n/a,n/a,n/a,n/a,n/a,n/a,n/a,n/a,n/a,n/a,n/a,n/a,n/a,1,1,0,1,2,0.500000000,n/a,n/a,no
Deep Space Probes,Cassini (Cassini-Huygens),0.0165745,16,3,geometry,17,4,19973,65536,0,0,0,5,64,374,1296,2933,4524,4822,3528,1730,560,120,16,1,n/a,n/a,n/a,n/a,n/a,n/a,n/a,n/a,0.304763794,2,1,1,3,4,0.750000000,0.826190948,0.173809052,yes
Deep Space Probes,New Horizons,0.00580257,12,3,geometry,6,2,3367,4096,0,6,60,255,600,860,792,495,220,66,12,1,n/a,n/a,n/a,n/a,n/a,n/a,n/a,n/a,n/a,n/a,n/a,n/a,0.822021484,4,1,3,5,16,0.312500000,0.877639771,0.122360229,yes
Deep Space Probes,Europa Clipper,0.0116037,n/a,n/a,n/a,n/a,n/a,n/a,n/a,n/a,n/a,n/a,n/a,n/a,n/a,n/a,n/a,n/a,n/a,n/a,n/a,n/a,n/a,n/a,n/a,n/a,n/a,n/a,n/a,n/a,n/a,n/a,n/a,n/a,n/a,n/a,n/a,n/a,n/a,n/a,n/a,n/a,no
Deep Space Probes,Voyager 1,0.00170161,16,3,geometry,17,4,19973,65536,0,0,0,5,64,374,1296,2933,4524,4822,3528,1730,560,120,16,1,n/a,n/a,n/a,n/a,n/a,n/a,n/a,n/a,0.304763794,4,1,3,5,16,0.312500000,0.522025108,0.477974892,yes
