F_auth_frac,F_authority,F_dim,F_min_support,F_origin,F_size,F_size_frac,F_sup_frac,F_vol_frac,F_volume,M_auth_frac,M_authority,M_dim,M_min_support,M_origin,M_size,M_size_frac,M_sup_frac,M_vol_frac,M_volume,applicable,category,fault,label,n_eng,n_rcs,tier,vehicle,worst_unit
,2739659.080223068,3,0.0,True,9.397673775598414e+18,,1.0,1.0,9.397673775598414e+18,,26932387.62412131,3,2972550.4483280545,True,2.0091271300133314e+21,,1.0,1.0,2.0091271300133314e+21,True,Boosters,healthy,Healthy,3,0,—,Delta IV Heavy,—
,280720.7510955433,3,0.0,True,1.0110074303221178e+16,,1.0,1.0,1.0110074303221178e+16,,1970432.6476498612,2,204662.35343472654,True,19771246296840.277,,1.0,1.0,0.0,True,Boosters,healthy,Healthy,1,0,—,Ariane 5 ECA,—
,1376691.6868497904,3,0.0,True,1.3478311384370941e+18,,1.0,1.0,1.3478311384370941e+18,,7235449.975201051,2,751522.3734493349,True,266588829301463.8,,1.0,1.0,0.0,True,Boosters,healthy,Healthy,1,0,—,Vega-C,—
,871016.5468198026,3,0.0,True,3.413537136622397e+17,,1.0,1.0,3.413537136622397e+17,,3923814.5303302286,2,407553.7000346439,True,78402118743249.05,,1.0,1.0,0.0,True,Boosters,healthy,Healthy,1,0,—,Vega,—
,0.04999928084846588,3,0.021686904423354542,True,0.00019200000000000006,,1.0,1.0,0.00019200000000000006,,0.040243799066307435,3,0.015226206677348184,True,8.588160000000003e-05,,1.0,1.0,8.588160000000003e-05,True,LEO Satellites,healthy,Healthy,2,12,—,GRACE-FO (per satellite),—
,1.9997237950059972,3,0.2722258477977705,True,20.187504105681533,,1.0,1.0,20.187504105681533,,3.900390253754687,3,1.2104801251342476,True,149.6878195056154,,1.0,1.0,149.6878195056154,True,LEO Satellites,healthy,Healthy,0,8,—,Sentinel-3A,—
,8.998757077526989,3,1.2250163150899678,True,1839.5863116302307,,1.0,1.0,1839.5863116302307,,6.750675439190804,3,2.0950617550400437,True,776.0754752190036,,1.0,1.0,776.0754752190036,True,LEO Satellites,healthy,Healthy,0,8,—,SMAP,—
,166.79885720093336,3,18.006588380663963,True,2099818.145239422,,1.0,1.0,2099818.145239422,,48.93289598351521,3,15.1862491186073,True,295573.1855265297,,1.0,1.0,295573.1855265297,True,GEO Satellites,healthy,Healthy,1,8,—,Solar Dynamics Observatory (SDO),—
,214.99911126533087,3,1.8334695174233386,True,357471.94321083603,,1.0,1.0,357471.94321083603,,199.94618640409826,3,8.535718284304373,True,1245739.2235210675,,1.0,1.0,1245739.2235210675,True,GEO Satellites,healthy,Healthy,2,6,—,Meteosat Second Generation (MSG),—
,9103.564243596891,3,911.7822400870073,True,565160111976.9153,,1.0,1.0,565160111976.9153,,12008.471166422118,3,4301.235402735685,True,3552983372883.56,,1.0,1.0,3552983372883.56,True,Crewed Vehicles,healthy,Healthy,1,24,—,Orion (CM + European Service Module),—
,27457.40735017275,3,1072.3419229583017,True,8165626452089.688,,1.0,1.0,8165626452089.688,,34396.56682802602,3,6849.408667791305,True,37858590905423.766,,1.0,1.0,37858590905423.766,True,Crewed Vehicles,healthy,Healthy,1,16,—,Apollo Command & Service Module,—
,15435.845356055139,3,1128.4583784427596,True,2510810224932.9976,,1.0,1.0,2510810224932.9976,,12611.249641803814,3,4151.9684949514985,True,3780780526333.0796,,1.0,1.0,3780780526333.0796,True,Crewed Vehicles,healthy,Healthy,1,16,—,Apollo Lunar Module,—
,135045.7164233689,3,1219.4570154425467,True,2663581122702.1577,,1.0,1.0,2663581122702.1577,,150265.1263578833,3,17799.368570467766,True,949950070373024.9,,1.0,1.0,949950070373024.9,True,Crewed Vehicles,healthy,Healthy,8,16,—,Crew Dragon (Dragon 2),—
,161.25,1,0.0,True,645.0,,1.0,1.0,0.0,,0.0,0,0.0,True,0.0,,1.0,1.0,0.0,True,Deep Space Probes,healthy,Healthy,1,0,—,Juno,—
,238.8324372735413,3,3.0486425386063662,True,1251327.3372722818,,1.0,1.0,1251327.3372722818,,296.68817920722677,3,40.357919711389236,True,7880207.784275328,,1.0,1.0,7880207.784275328,True,Deep Space Probes,healthy,Healthy,2,16,—,Cassini (Cassini-Huygens),—
,6.799942467877272,3,1.763626354062223,True,212.99200000000013,,1.0,1.0,212.99200000000013,,4.108876413808862,3,1.7024665284865794,True,127.01304268800014,,1.0,1.0,127.01304268800014,True,Deep Space Probes,healthy,Healthy,4,12,—,New Horizons,—
,165.0,1,0.0,True,660.0,,1.0,1.0,0.0,,136.13009876260503,2,14.17676448010246,True,93832.96159497008,,1.0,1.0,0.0,True,Deep Space Probes,healthy,Healthy,24,0,—,Europa Clipper,—
,3.3993973996589104,3,2.4656885907137727,True,124.9005008282761,,1.0,1.0,124.9005008282761,,3.05945765969302,3,1.8314016156013786,True,91.05246510381338,,1.0,1.0,91.05246510381338,True,Deep Space Probes,healthy,Healthy,0,16,—,Voyager 1,—
0.6666666666666666,1826439.3868153787,3,0.0,True,2.784495933510638e+18,0.29629629629629595,nan,0.29629629629629595,2.784495933510638e+18,0.6666356885689672,17954090.768612437,3,1562149.5853248676,True,6.230651317335523e+20,0.31011732529310776,0.525525003689514,0.31011732529310776,6.230651317335523e+20,True,Boosters,engine_out,Engine out,3,0,engine,Delta IV Heavy,1
0.7166666666666665,1963422.3408265316,3,0.0,True,3.4591705966504704e+18,0.36808796296296226,nan,0.36808796296296226,3.4591705966504704e+18,0.7166403352836221,19300835.29693877,3,1776494.928233138,True,7.801543064625476e+20,0.38830509767561144,0.5976332308278731,0.38830509767561144,7.801543064625476e+20,True,Boosters,thrust_loss_85,"Thrust reduction, $\eta$=0.15",3,0,engine,Delta IV Heavy,1
0.8333333333333331,2283049.233519223,3,0.0,True,5.438468620137967e+18,0.5787037037037033,nan,0.5787037037037033,5.438468620137967e+18,0.8333178442844835,22443239.196366873,3,2276634.0616857684,True,1.2200549754433026e+21,0.6072562344201718,0.7658857608173775,0.6072562344201718,1.2200549754433026e+21,True,Boosters,thrust_loss_50,"Thrust reduction, $\eta$=0.50",3,0,engine,Delta IV Heavy,1
1.1,3013624.988245375,3,0.0,True,1.2508303795321473e+19,1.3309999999999984,nan,1.3309999999999984,1.2508303795321473e+19,1.0999868203553775,29625271.42723572,3,3099729.4052203884,True,2.715407073178042e+21,1.3515357154925405,1.0427844570186746,1.3515357154925405,2.715407073178042e+21,True,Boosters,thrust_excess,"Thrust excess, $\eta$=1.30",3,0,engine,Delta IV Heavy,0
0.999973670578769,2739586.9465851155,3,0.0,True,1.0421501150303963e+19,1.1089447664552876,nan,1.1089447664552876,1.0421501150303963e+19,0.9993457651592068,26914767.51779186,3,3374918.0206951792,True,2.0059411150705527e+21,0.9984142292963026,1.1353610575704245,0.9984142292963026,2.0059411150705527e+21,True,Boosters,tvc_bias,"TVC misalignment (3°, 2°)",3,0,engine,Delta IV Heavy,1
0.9516473803751877,2607189.386815379,3,0.0,True,6.940042758487812e+18,0.7384851745447923,nan,0.7384851745447923,6.940042758487812e+18,0.7065133224821076,19028090.662693944,3,1615465.1432997934,True,7.050573524067169e+20,0.3509271971266639,0.543460967738472,0.3509271971266639,7.050573524067169e+20,True,Boosters,gimbal_seized,Gimbal seizure,3,0,engine,Delta IV Heavy,1
0.9280770678522975,2542614.7660883474,3,-920672.1652690921,False,9.388333933812568e+18,0.9990061538622359,nan,0.9990061538622359,9.388333933812568e+18,1.0,26932387.62412131,3,2972550.4483280545,True,2.009127130013332e+21,1.0000000000000002,1.0,1.0000000000000002,2.009127130013332e+21,True,Boosters,valve_stuck_open,Valve stuck open (30 % floor),3,0,engine,Delta IV Heavy,0
,,,,,,,,,,,,,,,,,,,,False,Boosters,rcs_out,RCS thruster dead,3,0,rcs,Delta IV Heavy,n/a
,,,,,,,,,,,,,,,,,,,,False,Boosters,rcs_stuck_open,RCS thruster stuck open,3,0,rcs,Delta IV Heavy,n/a
0.0,0.0,0,0.0,True,0.0,0.0,nan,0.0,0.0,0.0,0.0,0,0.0,True,0.0,0.0,0.0,nan,0.0,True,Boosters,engine_out,Engine out,1,0,engine,Ariane 5 ECA,0
0.14999999999999997,42108.11266433149,3,0.0,True,34121500773371.45,0.0033749999999999974,nan,0.0033749999999999974,34121500773371.45,0.15000000000000002,295564.89714747923,2,30699.35301520898,True,444853041678.90625,0.0225,0.15,nan,0.0,True,Boosters,thrust_loss_85,"Thrust reduction, $\eta$=0.15",1,0,engine,Ariane 5 ECA,0
0.5,140360.37554777166,3,0.0,True,1263759287902647.2,0.125,nan,0.125,1263759287902647.2,0.5,985216.3238249306,2,102331.17671736327,True,4942811574210.069,0.25,0.5,nan,0.0,True,Boosters,thrust_loss_50,"Thrust reduction, $\eta$=0.50",1,0,engine,Ariane 5 ECA,0
1.2999999999999998,364936.9764242063,3,0.0,True,2.2211833244176924e+16,2.1969999999999996,nan,2.1969999999999996,2.2211833244176924e+16,1.3000000000000003,2561562.44194482,2,266061.05946514447,True,33413406241660.074,1.6900000000000002,1.2999999999999998,nan,0.0,True,Boosters,thrust_excess,"Thrust excess, $\eta$=1.30",1,0,engine,Ariane 5 ECA,0
0.9999210117363064,280698.57745083154,3,0.0,True,1.007323108593594e+16,0.9963557916410665,nan,0.9963557916410665,1.007323108593594e+16,0.999142027570268,1968742.070763534,2,246886.97359072158,True,19732122884427.7,0.9980211964473463,1.2063135669426466,nan,0.0,True,Boosters,tvc_bias,"TVC misalignment (3°, 2°)",1,0,engine,Ariane 5 ECA,0
0.8549421411255629,240000.0,1,0.0,True,960000.0,0.0,nan,0.0,0.0,0.0,0.0,0,0.0,True,0.0,0.0,0.0,nan,0.0,True,Boosters,gimbal_seized,Gimbal seizure,1,0,engine,Ariane 5 ECA,0
0.7842312035568928,220149.97249505288,3,-283011.6166052925,False,9838291574130642.0,0.9731176328739797,nan,0.9731176328739797,9838291574130642.0,1.0,1970432.6476498612,2,204662.35343472654,True,19771246296840.277,1.0,1.0,nan,0.0,True,Boosters,valve_stuck_open,Valve stuck open (30 % floor),1,0,engine,Ariane 5 ECA,0
,,,,,,,,,,,,,,,,,,,,False,Boosters,rcs_out,RCS thruster dead,1,0,rcs,Ariane 5 ECA,n/a
,,,,,,,,,,,,,,,,,,,,False,Boosters,rcs_stuck_open,RCS thruster stuck open,1,0,rcs,Ariane 5 ECA,n/a
0.0,0.0,0,0.0,True,0.0,0.0,nan,0.0,0.0,0.0,0.0,0,0.0,True,0.0,0.0,0.0,nan,0.0,True,Boosters,engine_out,Engine out,1,0,engine,Vega-C,0
0.14999999999999994,206503.75302746848,3,0.0,True,4548930092225189.0,0.0033749999999999974,nan,0.0033749999999999974,4548930092225189.0,0.15,1085317.4962801575,2,112728.35601740022,True,5998248659282.932,0.022499999999999985,0.15,nan,0.0,True,Boosters,thrust_loss_85,"Thrust reduction, $\eta$=0.15",1,0,engine,Vega-C,0
0.5,688345.8434248952,3,0.0,True,1.6847889230463677e+17,0.125,nan,0.125,1.6847889230463677e+17,0.5,3617724.9876005254,2,375761.18672466744,True,66647207325365.95,0.25,0.5,nan,0.0,True,Boosters,thrust_loss_50,"Thrust reduction, $\eta$=0.50",1,0,engine,Vega-C,0
1.2999999999999996,1789699.192904727,3,0.0,True,2.9611850111462953e+18,2.1969999999999996,nan,2.1969999999999996,2.9611850111462953e+18,1.3,9406084.967761366,2,976979.0854841352,True,450535121519473.75,1.6899999999999997,1.2999999999999998,nan,0.0,True,Boosters,thrust_excess,"Thrust excess, $\eta$=1.30",1,0,engine,Vega-C,0
1.000025470982147,1376726.752539168,3,0.0,True,1.3435449410366866e+18,0.9968199299762597,nan,0.9968199299762597,1.3435449410366866e+18,0.9991318859638627,7229168.779519809,2,965971.0219731156,True,266061302378943.7,0.9980211964473441,1.2853523143156804,nan,0.0,True,Boosters,tvc_bias,"TVC misalignment (3°, 2°)",1,0,engine,Vega-C,0
0.8444156459316511,1162500.0,1,0.0,True,4650000.0,0.0,nan,0.0,0.0,0.0,0.0,0,0.0,True,0.0,0.0,0.0,nan,0.0,True,Boosters,gimbal_seized,Gimbal seizure,1,0,engine,Vega-C,0
0.7900990639903065,1087722.8131832555,3,-1368529.3888522405,False,1.3116396957755476e+18,0.973148385113351,nan,0.973148385113351,1.3116396957755476e+18,1.0,7235449.975201051,2,751522.3734493349,True,266588829301463.5,0.9999999999999988,1.0,nan,0.0,True,Boosters,valve_stuck_open,Valve stuck open (30 % floor),1,0,engine,Vega-C,0
,,,,,,,,,,,,,,,,,,,,False,Boosters,rcs_out,RCS thruster dead,1,0,rcs,Vega-C,n/a
,,,,,,,,,,,,,,,,,,,,False,Boosters,rcs_stuck_open,RCS thruster stuck open,1,0,rcs,Vega-C,n/a
0.0,0.0,0,0.0,True,0.0,0.0,nan,0.0,0.0,0.0,0.0,0,0.0,True,0.0,0.0,0.0,nan,0.0,True,Boosters,engine_out,Engine out,1,0,engine,Vega,0
0.15000000000000002,130652.48202297042,3,0.0,True,1152068783610059.8,0.0033750000000000026,nan,0.0033750000000000026,1152068783610059.8,0.15000000000000002,588572.1795495343,2,61133.055005196584,True,1764047671723.1047,0.022500000000000017,0.15,nan,0.0,True,Boosters,thrust_loss_85,"Thrust reduction, $\eta$=0.15",1,0,engine,Vega,0
0.5,435508.2734099013,3,0.0,True,4.266921420777996e+16,0.125,nan,0.125,4.266921420777996e+16,0.5,1961907.2651651143,2,203776.85001732194,True,19600529685812.26,0.25,0.5,nan,0.0,True,Boosters,thrust_loss_50,"Thrust reduction, $\eta$=0.50",1,0,engine,Vega,0
1.3,1132321.5108657435,3,0.0,True,7.499541089159405e+17,2.1969999999999996,nan,2.1969999999999996,7.499541089159405e+17,1.3,5100958.889429297,2,529819.8100450371,True,132499580676090.89,1.69,1.3,nan,0.0,True,Boosters,thrust_excess,"Thrust excess, $\eta$=1.30",1,0,engine,Vega,0
1.0000254709821472,871038.7324667166,3,0.0,True,3.402681849499303e+17,0.9968199299762607,nan,0.9968199299762607,3.402681849499303e+17,0.9991318859638625,3920408.2118612486,2,523850.0915474482,True,78246976352144.08,0.9980211964473431,1.2853523143156806,nan,0.0,True,Boosters,tvc_bias,"TVC misalignment (3°, 2°)",1,0,engine,Vega,0
0.8444156459316514,735500.0000000001,1,0.0,True,2942000.0,0.0,nan,0.0,0.0,0.0,0.0,0,0.0,True,0.0,0.0,0.0,nan,0.0,True,Boosters,gimbal_seized,Gimbal seizure,1,0,engine,Vega,0
0.7900990639903065,688189.358362395,3,-865852.3574200626,False,3.321878152028535e+17,0.9731483851133502,nan,0.9731483851133502,3.321878152028535e+17,1.0,3923814.5303302286,2,407553.7000346439,True,78402118743249.1,1.0000000000000007,1.0,nan,0.0,True,Boosters,valve_stuck_open,Valve stuck open (30 % floor),1,0,engine,Vega,0
,,,,,,,,,,,,,,,,,,,,False,Boosters,rcs_out,RCS thruster dead,1,0,rcs,Vega,n/a
,,,,,,,,,,,,,,,,,,,,False,Boosters,rcs_stuck_open,RCS thruster stuck open,1,0,rcs,Vega,n/a
0.7999971233524884,0.03999928084846587,3,0.021020237756687873,True,0.000128,0.6666666666666664,0.9692594824207027,0.6666666666666664,0.000128,0.7881561376405714,0.0317183972360841,3,0.012205888705419152,True,5.641920000000002e-05,0.6569416498993964,0.8016368727989016,0.6569416498993964,5.641920000000002e-05,True,LEO Satellites,engine_out,Engine out,2,12,engine,GRACE-FO (per satellite),1
0.8299975548496153,0.04149928084846588,3,0.021120237756687876,True,0.00013759999999999998,0.7166666666666663,0.9738705600575974,0.7166666666666663,0.00013759999999999998,0.8199327169944856,0.0329972075106176,3,0.012658936401208506,True,6.083856000000003e-05,0.708400402414487,0.8313913418790664,0.708400402414487,6.083856000000003e-05,True,LEO Satellites,thrust_loss_85,"Thrust reduction, $\eta$=0.15",2,12,engine,GRACE-FO (per satellite),1
0.899998561676244,0.04499928084846587,3,0.021353571090021208,True,0.00016,0.8333333333333331,0.9846297412103514,0.8333333333333331,0.00016,0.8940780688202856,0.03598109815119577,3,0.013716047691383668,True,7.115040000000002e-05,0.8284708249496981,0.9008184363994508,0.8284708249496981,7.115040000000002e-05,True,LEO Satellites,thrust_loss_50,"Thrust reduction, $\eta$=0.50",2,12,engine,GRACE-FO (per satellite),1
1.0600008629942534,0.052999280848465884,3,0.021886904423354545,True,0.00021119999999999998,1.0999999999999996,1.0092221552737892,1.0999999999999996,0.00021119999999999998,1.0635091841020867,0.042799649910176936,3,0.015226206677348184,True,9.472032000000002e-05,1.102917505030181,1.0,1.102917505030181,9.472032000000002e-05,True,LEO Satellites,thrust_excess,"Thrust excess, $\eta$=1.30",2,12,engine,GRACE-FO (per satellite),0
1.0000004576240678,0.04999930372934017,3,0.021020237756687873,True,0.0002022898702529239,1.0535930742339783,0.9692594824207027,1.0535930742339783,0.0002022898702529239,0.9945991446052542,0.040026448127015106,3,0.014795563937806086,True,8.774709489668285e-05,1.021721706357157,0.9717170041975879,1.021721706357157,8.774709489668285e-05,True,LEO Satellites,tvc_bias,"TVC misalignment (3°, 2°)",2,12,engine,GRACE-FO (per satellite),0
,,,,,,,,,,,,,,,,,,,,False,LEO Satellites,gimbal_seized,Gimbal seizure,2,12,engine,GRACE-FO (per satellite),n/a
0.9399991370057467,0.046999280848465885,3,0.010085329425777785,True,0.00017280000000000005,0.9,0.4650423697591867,0.9,0.00017280000000000005,0.9364468412921714,0.03768617851724043,3,0.014320111285769476,True,7.704288000000002e-05,0.8970824949698188,0.9404910618396706,0.8970824949698188,7.704288000000002e-05,True,LEO Satellites,valve_stuck_open,Valve stuck open (30 % floor),2,12,engine,GRACE-FO (per satellite),0
0.9499992808381222,0.047499280848465886,3,0.012078662759111118,True,0.00017600000000000002,0.9166666666666665,0.556956517321285,0.9166666666666665,0.00017600000000000002,0.922965868232935,0.03714365294622622,3,0.014127909233010355,True,7.516800000000004e-05,0.8752515090543261,0.9278679537450552,0.8752515090543261,7.516800000000004e-05,True,LEO Satellites,rcs_out,RCS thruster dead,2,12,rcs,GRACE-FO (per satellite),9
0.9499992808381221,0.04749928084846588,3,0.021520237756687877,True,0.00017600000000000002,0.9166666666666665,0.9923148706051758,0.9166666666666665,0.00017600000000000002,0.922965868232935,0.03714365294622622,3,0.014127909233010355,True,7.516800000000004e-05,0.8752515090543261,0.9278679537450552,0.8752515090543261,7.516800000000004e-05,True,LEO Satellites,rcs_stuck_open,RCS thruster stuck open,2,12,rcs,GRACE-FO (per satellite),8
,,,,,,,,,,,,,,,,,,,,False,LEO Satellites,engine_out,Engine out,0,8,engine,Sentinel-3A,n/a
,,,,,,,,,,,,,,,,,,,,False,LEO Satellites,thrust_loss_85,"Thrust reduction, $\eta$=0.15",0,8,engine,Sentinel-3A,n/a
,,,,,,,,,,,,,,,,,,,,False,LEO Satellites,thrust_loss_50,"Thrust reduction, $\eta$=0.50",0,8,engine,Sentinel-3A,n/a
,,,,,,,,,,,,,,,,,,,,False,LEO Satellites,thrust_excess,"Thrust excess, $\eta$=1.30",0,8,engine,Sentinel-3A,n/a
,,,,,,,,,,,,,,,,,,,,False,LEO Satellites,tvc_bias,"TVC misalignment (3°, 2°)",0,8,engine,Sentinel-3A,n/a
,,,,,,,,,,,,,,,,,,,,False,LEO Satellites,gimbal_seized,Gimbal seizure,0,8,engine,Sentinel-3A,n/a
,,,,,,,,,,,,,,,,,,,,False,LEO Satellites,valve_stuck_open,Valve stuck open (30 % floor),0,8,engine,Sentinel-3A,n/a
0.875030772986681,1.7498198581039568,3,0.2722258477977705,True,13.480976536192456,0.6677881755773065,1.0,0.6677881755773065,13.480976536192456,0.8749283233928062,3.41256190529523,3,0.6248025470385651,True,106.5582562093647,0.7118699207544222,0.5161609299196644,0.7118699207544222,106.5582562093647,True,LEO Satellites,rcs_out,RCS thruster dead,0,8,rcs,Sentinel-3A,5
0.875030772986681,1.7498198581039568,3,0.2722258477977705,True,13.480976536192456,0.6677881755773065,1.0,0.6677881755773065,13.480976536192456,0.8749283233928062,3.41256190529523,3,0.6248025470385653,True,106.5582562093647,0.7118699207544222,0.5161609299196647,0.7118699207544222,106.5582562093647,True,LEO Satellites,rcs_stuck_open,RCS thruster stuck open,0,8,rcs,Sentinel-3A,4
,,,,,,,,,,,,,,,,,,,,False,LEO Satellites,engine_out,Engine out,0,8,engine,SMAP,n/a
,,,,,,,,,,,,,,,,,,,,False,LEO Satellites,thrust_loss_85,"Thrust reduction, $\eta$=0.15",0,8,engine,SMAP,n/a
,,,,,,,,,,,,,,,,,,,,False,LEO Satellites,thrust_loss_50,"Thrust reduction, $\eta$=0.50",0,8,engine,SMAP,n/a
,,,,,,,,,,,,,,,,,,,,False,LEO Satellites,thrust_excess,"Thrust excess, $\eta$=1.30",0,8,engine,SMAP,n/a
,,,,,,,,,,,,,,,,,,,,False,LEO Satellites,tvc_bias,"TVC misalignment (3°, 2°)",0,8,engine,SMAP,n/a
,,,,,,,,,,,,,,,,,,,,False,LEO Satellites,gimbal_seized,Gimbal seizure,0,8,engine,SMAP,n/a
,,,,,,,,,,,,,,,,,,,,False,LEO Satellites,valve_stuck_open,Valve stuck open (30 % floor),0,8,engine,SMAP,n/a
0.8750307729866805,7.874189361467804,3,1.2250163150899678,True,1228.4539868605377,0.6677881755773063,1.0,0.6677881755773063,1228.4539868605377,0.8749283233928061,5.906357143780205,3,1.0813890237205934,True,552.464787043603,0.7118699207544227,0.5161609299196646,0.7118699207544227,552.464787043603,True,LEO Satellites,rcs_out,RCS thruster dead,0,8,rcs,SMAP,5
0.8750307729866805,7.874189361467804,3,1.2250163150899678,True,1228.4539868605373,0.667788175577306,1.0,0.667788175577306,1228.4539868605373,0.8749283233928061,5.906357143780205,3,1.081389023720593,True,552.464787043603,0.7118699207544227,0.5161609299196643,0.7118699207544227,552.464787043603,True,LEO Satellites,rcs_stuck_open,RCS thruster stuck open,0,8,rcs,SMAP,4
0.2666316661112263,44.473857200933374,3,6.054302855022415,True,222068.50903570975,0.10575606727619234,0.3362270923860133,0.10575606727619234,222068.50903570975,1.0,48.93289598351521,3,15.1862491186073,True,295573.1855265297,1.0,1.0,1.0,295573.1855265297,True,GEO Satellites,engine_out,Engine out,1,8,engine,Solar Dynamics Observatory (SDO),0
0.3766369161945423,62.82260720093337,3,15.385804809408492,True,503730.9544662667,0.23989265718476352,0.8544541855541192,0.23989265718476352,503730.9544662667,1.0,48.93289598351521,3,15.1862491186073,True,295573.1855265297,1.0,1.0,1.0,295573.1855265297,True,GEO Satellites,thrust_loss_85,"Thrust reduction, $\eta$=0.15",1,8,engine,Solar Dynamics Observatory (SDO),0
0.6333158330556133,105.63635720093339,3,17.098354809408487,True,1160943.327137566,0.5528780336380962,0.949561041100336,0.5528780336380962,1160943.327137566,1.0,48.93289598351521,3,15.1862491186073,True,295573.1855265297,1.0,1.0,1.0,295573.1855265297,True,GEO Satellites,thrust_loss_50,"Thrust reduction, $\eta$=0.50",1,8,engine,Solar Dynamics Observatory (SDO),0
1.2200105001666324,203.4963572009334,3,18.006588380663963,True,2663143.0361005375,1.2682731798171432,1.0,1.2682731798171432,2663143.0361005375,1.0,48.93289598351521,3,15.1862491186073,True,295573.1855265297,1.0,1.0,1.0,295573.1855265297,True,GEO Satellites,thrust_excess,"Thrust excess, $\eta$=1.30",1,8,engine,Solar Dynamics Observatory (SDO),0
1.0000016780108656,166.7991370912281,3,14.84677003432748,True,2082972.690427288,0.9919776601367479,0.824518766157303,0.9919776601367479,2082972.690427288,1.3537018868378758,66.24055362132606,3,20.833521378310245,True,764669.9414690363,2.5870748055405115,1.3718674845642755,2.5870748055405115,764669.9414690363,True,GEO Satellites,tvc_bias,"TVC misalignment (3°, 2°)",1,8,engine,Solar Dynamics Observatory (SDO),0
,,,,,,,,,,,,,,,,,,,,False,GEO Satellites,gimbal_seized,Gimbal seizure,1,8,engine,Solar Dynamics Observatory (SDO),n/a
0.779989499833368,130.10135720093336,3,-84.47513303218574,False,1536493.254378309,0.731726820182858,-4.69134581445188,0.731726820182858,1536493.254378309,1.0,48.93289598351521,3,15.1862491186073,True,295573.1855265297,1.0,1.0,1.0,295573.1855265297,True,GEO Satellites,valve_stuck_open,Valve stuck open (30 % floor),1,8,engine,Solar Dynamics Observatory (SDO),0
0.9666792467888068,161.240993644232,3,18.006588380663963,True,1473832.4706853589,0.701885767596942,1.0,0.701885767596942,1473832.4706853589,0.8749283233928062,42.81277664161154,3,7.8385484670520285,True,210409.66015790304,0.711869920754423,0.5161609299196644,0.711869920754423,210409.66015790304,True,GEO Satellites,rcs_out,RCS thruster dead,1,8,rcs,Solar Dynamics Observatory (SDO),5
0.9666792467888068,161.240993644232,3,18.006588380663963,True,1473832.4706853586,0.7018857675969419,1.0,0.7018857675969419,1473832.4706853586,0.8749283233928062,42.81277664161154,3,7.838548467052025,True,210409.66015790295,0.7118699207544227,0.5161609299196642,0.7118699207544227,210409.66015790295,True,GEO Satellites,rcs_stuck_open,RCS thruster stuck open,1,8,rcs,Solar Dynamics Observatory (SDO),4
0.5348817982945528,114.99911126533082,3,1.8334695174233386,True,183502.68113224517,0.5133344997204878,1.0,0.5133344997204878,183502.68113224517,0.5598608330192075,111.9420384792122,3,5.126585001342074,True,642394.0539824177,0.515672977018977,0.6006038192203377,0.515672977018977,642394.0539824177,True,GEO Satellites,engine_out,Engine out,2,6,engine,Meteosat Second Generation (MSG),1
0.6046495285503699,129.99911126533084,3,1.8334695174233386,True,209598.0704440339,0.586334324762415,1.0,0.586334324762415,209598.0704440339,0.6258817080663265,125.14266066794512,3,8.535718284304373,True,732895.8294132153,0.5883220304661305,1.0,0.5883220304661305,732895.8294132153,True,GEO Satellites,thrust_loss_85,"Thrust reduction, $\eta$=0.15",2,6,engine,Meteosat Second Generation (MSG),1
0.7674408991472762,164.9991112653308,3,1.8334695174233386,True,270487.3121715405,0.7566672498602437,1.0,0.7566672498602437,270487.3121715405,0.7799304165096037,155.94411244165522,3,8.535718284304373,True,944066.6387517425,0.7578364885094885,1.0,0.7578364885094885,944066.6387517425,True,GEO Satellites,thrust_loss_50,"Thrust reduction, $\eta$=0.50",2,6,engine,Meteosat Second Generation (MSG),1
1.1395354605116341,244.99911126533087,3,1.8334695174233386,True,409662.72183441336,1.1459996500838538,1.0,1.1459996500838538,409662.72183441336,1.1319503858879585,226.3291628569447,3,9.498565687127641,True,1426742.7743826623,1.1452981068943067,1.1128021533458723,1.1452981068943067,1426742.7743826623,True,GEO Satellites,thrust_excess,"Thrust excess, $\eta$=1.30",2,6,engine,Meteosat Second Generation (MSG),0
1.00000106423111,214.99934007407367,3,1.8334695174233386,True,602100.3969702604,1.684329101641253,1.0,1.684329101641253,602100.3969702604,0.9685920707522666,193.66629072816423,3,10.57496906590424,True,1461882.5622870994,1.173506087538213,1.2389079294415886,1.173506087538213,1461882.5622870994,True,GEO Satellites,tvc_bias,"TVC misalignment (3°, 2°)",2,6,engine,Meteosat Second Generation (MSG),0
,,,,,,,,,,,,,,,,,,,,False,GEO Satellites,gimbal_seized,Gimbal seizure,2,6,engine,Meteosat Second Generation (MSG),n/a
0.8604645394883659,184.99911126533087,3,-99.75526127487372,False,305281.1645872586,0.8540003499161458,-54.407919153771644,0.8540003499161458,305281.1645872586,0.8679582499057624,173.54494202663247,3,8.535718284304373,True,1064735.6726594726,0.8547018931056931,1.0,0.8547018931056931,1064735.6726594726,True,GEO Satellites,valve_stuck_open,Valve stuck open (30 % floor),2,6,engine,Meteosat Second Generation (MSG),0
0.9883732033630603,212.4993603215261,3,0.0,True,207685.1690190593,0.5809831315812305,0.0,0.5809831315812305,207685.1690190593,0.9799851299335463,195.9442894629373,3,8.535718284304373,True,895207.7704256647,0.7186157050553248,1.0,0.7186157050553248,895207.7704256647,True,GEO Satellites,rcs_out,RCS thruster dead,2,6,rcs,Meteosat Second Generation (MSG),4
0.988376513026901,212.50007189631043,3,1.3778217267696387,True,207685.16901905934,0.5809831315812306,0.7514833018363767,0.5809831315812306,207685.16901905934,0.9799811428605286,195.9434922628925,3,3.327828144319443,True,895207.7704256648,0.7186157050553248,0.3898708970326154,0.7186157050553248,895207.7704256648,True,GEO Satellites,rcs_stuck_open,RCS thruster stuck open,2,6,rcs,Meteosat Second Generation (MSG),4
0.14236383893964,1296.0183537520934,3,779.8118761259014,True,5027063470.627289,0.008894936787104017,0.8552610939773158,0.008894936787104017,5027063470.627289,0.2698133542128156,3240.0458843802335,3,1949.529690314754,True,78547866728.55139,0.0221075807244217,0.45324877803126234,0.0221075807244217,78547866728.55139,True,Crewed Vehicles,engine_out,Engine out,1,24,engine,Orion (CM + European Service Module),0
0.27100926309869394,2467.150237228813,3,884.5110846861548,True,24839469201.934174,0.043951207234081614,0.9700902757238943,0.043951207234081614,24839469201.934174,0.3793413510808933,4555.3096766865165,3,3527.100050868832,True,276251204887.1303,0.07775189914917278,0.8200202315422018,0.07775189914917278,276251204887.1303,True,Crewed Vehicles,thrust_loss_85,"Thrust reduction, $\eta$=0.15",1,24,engine,Orion (CM + European Service Module),0
0.5711819194698199,5199.791298674491,3,895.7403839688589,True,140275016326.67166,0.2482040281222136,0.9824060445434672,0.2482040281222136,140275016326.67166,0.6349066771064078,7624.258525401176,3,3845.8616663434186,True,1181526428110.6216,0.33254487964341595,0.8941295479660011,0.33254487964341595,1181526428110.6216,True,Crewed Vehicles,thrust_loss_50,"Thrust reduction, $\eta$=0.50",1,24,engine,Orion (CM + European Service Module),0
1.2572908483181076,11445.828010550327,3,921.4073537578961,True,1026585356394.1172,1.8164504794988954,1.0105563732739193,1.8164504794988954,1026585356394.1172,1.2190559937361551,14638.99875103468,3,4574.459644571045,True,5584727163774.942,1.5718416265039943,1.0635222712203993,1.5718416265039943,5584727163774.942,True,Crewed Vehicles,thrust_excess,"Thrust excess, $\eta$=1.30",1,24,engine,Orion (CM + European Service Module),0
0.9999322568087571,9102.947539103345,3,837.5308253656818,True,562900409164.302,0.996001659061343,0.9185645305898479,0.996001659061343,562900409164.302,0.9993735199893561,12000.94809927796,3,4613.881649805047,True,3547035928526.8794,0.9983260703097933,1.072687546203705,0.9983260703097933,3547035928526.8794,True,Crewed Vehicles,tvc_bias,"TVC misalignment (3°, 2°)",1,24,engine,Orion (CM + European Service Module),0
0.8755931347832921,7971.018353752092,3,795.351262413288,True,56810471906.48711,0.10052102174685607,0.8723039640883894,0.10052102174685607,56810471906.48711,0.2698133542128156,3240.0458843802335,3,1949.529690314754,True,78547866728.55139,0.0221075807244217,0.45324877803126234,0.0221075807244217,78547866728.55139,True,Crewed Vehicles,gimbal_seized,Gimbal seizure,1,24,engine,Orion (CM + European Service Module),0
0.8149488777419193,7418.939463770751,3,-6515.065414854236,False,527178909409.3964,0.932795677255669,-7.145418202302924,0.932795677255669,527178909409.3964,1.0,12008.471166422118,3,4301.235402735685,True,3552983372883.56,1.0,1.0,1.0,3552983372883.56,True,Crewed Vehicles,valve_stuck_open,Valve stuck open (30 % floor),1,24,engine,Orion (CM + European Service Module),0
0.994068257381939,9049.564243596891,3,911.7822400870073,True,556352270129.1383,0.9844153158350695,1.0,0.9844153158350695,556352270129.1383,0.9887546496681564,11873.431701205858,3,4265.706480720511,True,3461768353259.224,0.9743272033524022,0.9917398331668671,0.9743272033524022,3461768353259.224,True,Crewed Vehicles,rcs_out,RCS thruster dead,1,24,rcs,Orion (CM + European Service Module),9
0.994068257381939,9049.564243596891,3,911.7822400870073,True,556352270129.1383,0.9844153158350695,1.0,0.9844153158350695,556352270129.1383,0.9887546496681564,11873.431701205858,3,4265.706480720511,True,3461768353259.224,0.9743272033524022,0.9917398331668671,0.9743272033524022,3461768353259.224,True,Crewed Vehicles,rcs_stuck_open,RCS thruster stuck open,1,24,rcs,Orion (CM + European Service Module),8
0.06482587603239214,1779.9504850531912,3,946.821425473182,True,11279504000.000002,0.0013813397007786748,0.882947318576483,0.0013813397007786748,11279504000.000002,0.10142590590935632,3488.7029507042544,3,1855.7699939274364,True,84929431430.14401,0.0022433331352006737,0.2709387166010431,0.0022433331352006737,84929431430.14401,True,Crewed Vehicles,engine_out,Engine out,1,16,engine,Apollo Command & Service Module,0
0.2051019946275333,5631.569014821125,3,1072.3419229583017,True,162264420802.764,0.01987164386649581,1.0,0.01987164386649581,162264420802.764,0.2362120200229529,8124.88253230252,3,4120.65529321139,True,1423358790980.0457,0.03759671865590037,0.6016074515437195,0.03759671865590037,1423358790980.0457,True,Crewed Vehicles,thrust_loss_85,"Thrust reduction, $\eta$=0.15",1,16,engine,Apollo Command & Service Module,0
0.5324129380161962,14618.678917612973,3,1072.3419229583017,True,1564188009992.1714,0.19155762502359824,1.0,0.19155762502359824,1564188009992.1714,0.5507129529546781,18942.634889365137,3,5244.259623920767,True,10486231028134.514,0.27698418713814876,0.765651442084541,0.27698418713814876,10486231028134.514,True,Crewed Vehicles,thrust_loss_50,"Thrust reduction, $\eta$=0.50",1,16,engine,Apollo Command & Service Module,0
1.2805522371902822,35160.64440970861,3,1072.3419229583017,True,16054426224920.934,1.966098537462781,1.0,1.966098537462781,16054426224920.934,1.2695722282271933,43668.92599122256,3,7812.498094113628,True,62428114806478.055,1.6489814679693842,1.1406091347492755,1.6489814679693842,62428114806478.055,True,Crewed Vehicles,thrust_excess,"Thrust excess, $\eta$=1.30",1,16,engine,Apollo Command & Service Module,0
1.0000167483387485,27457.86721613221,3,1072.3419229583017,True,8166075413265.823,1.0000549818411077,1.0,1.0000549818411077,8166075413265.823,0.9992684896862855,34371.40538463495,3,5837.269862332003,True,37787635494201.39,0.9981257778082753,0.852229753756877,0.9981257778082753,37787635494201.39,True,Crewed Vehicles,tvc_bias,"TVC misalignment (3°, 2°)",1,16,engine,Apollo Command & Service Module,0
0.8951118425570709,24577.450485053192,3,1005.6746741963638,True,300205900000.0,0.03676458894628635,0.937830231818205,0.03676458894628635,300205900000.0,0.10142590590935632,3488.7029507042544,3,1855.7699939274364,True,84929431430.14401,0.0022433331352006737,0.2709387166010431,0.0022433331352006737,84929431430.14401,True,Crewed Vehicles,gimbal_seized,Gimbal seizure,1,16,engine,Apollo Command & Service Module,0
0.7808477144772936,21440.053774854434,3,-25136.881192598834,False,7760657882321.444,0.9504056948790981,-23.441106473999422,0.9504056948790981,7760657882321.444,1.0,34396.56682802602,3,6849.408667791305,True,37858590905423.766,1.0,1.0,1.0,37858590905423.766,True,Crewed Vehicles,valve_stuck_open,Valve stuck open (30 % floor),1,16,engine,Apollo Command & Service Module,0
0.9959482700394396,27346.157350172747,3,1026.3585896249683,True,8070474636665.7705,0.9883472730497527,0.9571187768109656,0.9883472730497527,8070474636665.7705,0.9936590221042298,34178.45895807913,3,6809.920301645314,True,37358413032423.37,0.9867882596515566,0.9942347773273216,0.9867882596515566,37358413032423.37,True,Crewed Vehicles,rcs_out,RCS thruster dead,1,16,rcs,Apollo Command & Service Module,0
0.9959482700394396,27346.157350172747,3,1026.3585896249683,True,8070474636665.7705,0.9883472730497527,0.9571187768109656,0.9883472730497527,8070474636665.7705,0.9936590221042298,34178.45895807913,3,6809.920301645314,True,37358413032423.37,0.9867882596515566,0.9942347773273216,0.9867882596515566,37358413032423.37,True,Crewed Vehicles,rcs_stuck_open,RCS thruster stuck open,1,16,rcs,Apollo Command & Service Module,1
0.11531279589782598,1779.9504850531912,3,946.821425473182,True,11279504000.000002,0.0044923761612851495,0.8390397409072088,0.0044923761612851495,11279504000.000002,0.2399378261897305,3025.9158245904246,3,1609.5964233044094,True,55416203152.0,0.014657344631889361,0.3876706736242256,0.014657344631889361,55416203152.0,True,Crewed Vehicles,engine_out,Engine out,1,16,engine,Apollo Lunar Module,0
0.2480158765131521,3828.3347157034837,3,1080.7593912809707,True,79923928080.67355,0.03183192711540211,0.9577308405227917,0.03183192711540211,79923928080.67355,0.35394715226127094,4463.715897172433,3,3305.710982494041,True,253211495185.1229,0.06697333881760886,0.7961792066855886,0.06697333881760886,253211495185.1229,True,Crewed Vehicles,thrust_loss_85,"Thrust reduction, $\eta$=0.15",1,16,engine,Apollo Lunar Module,0
0.557656397948913,8607.897920554165,3,1100.4001507005305,True,559238352714.8171,0.2227322268968937,0.9751357885428183,0.2227322268968937,559238352714.8171,0.6199689130948652,7818.5827331971195,3,3654.169958211818,True,1210236881518.9321,0.32010238972869504,0.8801054156974051,0.32010238972869504,1210236881518.9321,True,Crewed Vehicles,thrust_loss_50,"Thrust reduction, $\eta$=0.50",1,16,engine,Apollo Lunar Module,0
1.2654061612306524,19532.613817355726,3,1145.2933150880963,True,4716497454941.974,1.8784762815229639,1.0149185268743084,1.8784762815229639,4716497454941.974,1.228018652143081,15486.84978696783,3,4450.647616995307,True,6002653737116.23,1.5876757974465423,1.071936750581557,1.5876757974465423,6002653737116.23,True,Crewed Vehicles,thrust_excess,"Thrust excess, $\eta$=1.30",1,16,engine,Apollo Lunar Module,0
0.9999301200938364,15434.766700630102,3,1117.7888101241997,True,2500439119864.1807,0.9958694189764606,0.9905450050064908,0.9958694189764606,2500439119864.1807,0.9993478876099888,12603.025689658869,3,4515.98036238422,True,3774293281906.6895,0.9982841520735715,1.0876721169429233,0.9982841520735715,3774293281906.6895,True,Crewed Vehicles,tvc_bias,"TVC misalignment (3°, 2°)",1,16,engine,Apollo Lunar Module,0
0.8716691683993267,13454.950485053192,3,1005.6746741963638,True,159243784000.00003,0.06342326569275045,0.8911934134284741,0.06342326569275045,159243784000.00003,0.2399378261897305,3025.9158245904246,3,1609.5964233044094,True,55416203152.0,0.014657344631889361,0.3876706736242256,0.014657344631889361,55416203152.0,True,Crewed Vehicles,gimbal_seized,Gimbal seizure,1,16,engine,Apollo Lunar Module,0
0.8091121067422564,12489.32935538545,3,-11897.565686525302,False,2365484858627.127,0.9421201312378163,-10.54320293402722,0.9421201312378163,2365484858627.127,1.0,12611.249641803814,3,4151.9684949514985,True,3780780526333.0796,1.0,1.0,1.0,3780780526333.0796,True,Crewed Vehicles,valve_stuck_open,Valve stuck open (30 % floor),1,16,engine,Apollo Lunar Module,0
0.9927927497695255,15324.59535605514,3,1082.475045109426,True,2460740535430.8423,0.9800583536720736,0.9592511924127948,0.9800583536720736,2460740535430.8423,0.9849994886554138,12422.074448482526,3,4117.718381457552,True,3655186116584.7603,0.9667808250509237,0.9917508734626498,0.9667808250509237,3655186116584.7603,True,Crewed Vehicles,rcs_out,RCS thruster dead,1,16,rcs,Apollo Lunar Module,0
0.9927927497695255,15324.59535605514,3,1082.475045109426,True,2460740535430.8423,0.9800583536720736,0.9592511924127948,0.9800583536720736,2460740535430.8423,0.9849994886554138,12422.074448482526,3,4117.718381457552,True,3655186116584.7603,0.9667808250509237,0.9917508734626498,0.9667808250509237,3655186116584.7603,True,Crewed Vehicles,rcs_stuck_open,RCS thruster stuck open,1,16,rcs,Apollo Lunar Module,1
0.8764807174801031,118364.96642336893,3,1219.4570154425467,True,2332260519216.215,0.8756108456160615,1.0,0.8756108456160615,2332260519216.215,0.8778503734021843,131910.29728259426,3,12981.432014332435,True,715245804009558.2,0.7529298921244321,0.7293198049660524,0.7529298921244321,715245804009558.2,True,Crewed Vehicles,engine_out,Engine out,8,16,engine,Crew Dragon (Dragon 2),2
0.8950086098580875,120867.0789233689,3,1219.4570154425467,True,2381958609739.117,0.8942692187736564,1.0,0.8942692187736564,2381958609739.117,0.8961728173918565,134663.5216438876,3,13704.122497752733,True,750451443964077.4,0.7899904083057663,0.7699218342211445,0.7899904083057663,750451443964077.4,True,Crewed Vehicles,thrust_loss_85,"Thrust reduction, $\eta$=0.15",8,16,engine,Crew Dragon (Dragon 2),2
0.9382403587400517,126705.34142336893,3,1219.4570154425467,True,2497920820959.1885,0.9378054228080316,1.0,0.9378054228080316,2497920820959.1885,0.938925186701092,141087.71182023876,3,15390.4002924001,True,832597937191290.2,0.8764649460622146,0.8646599024830262,0.8764649460622146,832597937191290.2,True,Crewed Vehicles,thrust_loss_50,"Thrust reduction, $\eta$=0.50",8,16,engine,Crew Dragon (Dragon 2),2
1.0370557847559692,140049.9414233689,3,1219.4570154425467,True,2762977303747.9395,1.0373167463151811,1.0,1.0373167463151811,2762977303747.9395,1.0366092789734918,155766.22428870603,3,17799.368570467766,True,1020362176771496.1,1.0741219023972723,1.0,1.0741219023972723,1020362176771496.1,True,Crewed Vehicles,thrust_excess,"Thrust excess, $\eta$=1.30",8,16,engine,Crew Dragon (Dragon 2),0
1.0000002826229177,135045.7545903833,3,1219.4570154425467,True,7527959735711.285,2.8262551012804513,1.0,2.8262551012804513,7527959735711.285,0.9722566762903174,146096.2723150602,3,17799.368570467766,True,938678447647875.1,0.9881345103530298,1.0,0.9881345103530298,938678447647875.1,True,Crewed Vehicles,tvc_bias,"TVC misalignment (3°, 2°)",8,16,engine,Crew Dragon (Dragon 2),7
,,,,,,,,,,,,,,,,,,,,False,Crewed Vehicles,gimbal_seized,Gimbal seizure,8,16,engine,Crew Dragon (Dragon 2),n/a
0.962944215244031,130041.4914233689,3,-17729.239316206018,False,2564184941656.373,0.9626832536848178,-14.538634073766014,0.9626832536848178,2564184941656.373,0.9633551120206554,144758.6776352966,3,16353.987603627167,True,879538790463982.4,0.925878967637327,0.9187959414898157,0.925878967637327,879538790463982.4,True,Crewed Vehicles,valve_stuck_open,Valve stuck open (30 % floor),8,16,engine,Crew Dragon (Dragon 2),6
0.9992597945539612,134945.7548486081,3,940.3592078055465,True,2271255757031.5195,0.8527075588849982,0.7711294419543651,0.8527075588849982,2271255757031.5195,0.9985126817457641,150041.63429247617,3,17119.69801490866,True,878848567667886.6,0.9251523791379707,0.9618149063620831,0.9251523791379707,878848567667886.6,True,Crewed Vehicles,rcs_out,RCS thruster dead,8,16,rcs,Crew Dragon (Dragon 2),9
0.9992597945539612,134945.7548486081,3,940.3592078055465,True,2271255757031.499,0.8527075588849904,0.7711294419543651,0.8527075588849904,2271255757031.499,0.9985126817457641,150041.63429247617,3,17119.69801490866,True,878848567667886.6,0.9251523791379707,0.9618149063620831,0.9251523791379707,878848567667886.6,True,Crewed Vehicles,rcs_stuck_open,RCS thruster stuck open,8,16,rcs,Crew Dragon (Dragon 2),8
0.0,0.0,0,0.0,True,0.0,0.0,nan,nan,0.0,nan,0.0,0,0.0,True,0.0,nan,nan,nan,0.0,True,Deep Space Probes,engine_out,Engine out,1,0,engine,Juno,0
0.15,24.1875,1,0.0,True,96.75,0.15,nan,nan,0.0,nan,0.0,0,0.0,True,0.0,nan,nan,nan,0.0,True,Deep Space Probes,thrust_loss_85,"Thrust reduction, $\eta$=0.15",1,0,engine,Juno,0
0.5,80.625,1,0.0,True,322.5,0.5,nan,nan,0.0,nan,0.0,0,0.0,True,0.0,nan,nan,nan,0.0,True,Deep Space Probes,thrust_loss_50,"Thrust reduction, $\eta$=0.50",1,0,engine,Juno,0
1.3,209.625,1,0.0,True,838.5,1.3,nan,nan,0.0,nan,0.0,0,0.0,True,0.0,nan,nan,nan,0.0,True,Deep Space Probes,thrust_excess,"Thrust excess, $\eta$=1.30",1,0,engine,Juno,0
1.0000022880874286,161.25036895409787,1,0.0,True,644.9999999999998,0.9999999999999997,nan,nan,0.0,nan,17.7450948599396,1,0.0,True,70.9739751735789,nan,nan,nan,0.0,True,Deep Space Probes,tvc_bias,"TVC misalignment (3°, 2°)",1,0,engine,Juno,0
,,,,,,,,,,,,,,,,,,,,False,Deep Space Probes,gimbal_seized,Gimbal seizure,1,0,engine,Juno,n/a
0.7,112.875,1,-192.85500000000002,False,451.5000000000001,0.7000000000000002,nan,nan,0.0,nan,0.0,0,0.0,True,0.0,nan,nan,nan,0.0,True,Deep Space Probes,valve_stuck_open,Valve stuck open (30 % floor),1,0,engine,Juno,0
,,,,,,,,,,,,,,,,,,,,False,Deep Space Probes,rcs_out,RCS thruster dead,1,0,rcs,Juno,n/a
,,,,,,,,,,,,,,,,,,,,False,Deep Space Probes,rcs_stuck_open,RCS thruster stuck open,1,0,rcs,Juno,n/a
0.5083725877106084,121.41586416598176,3,3.0486425386063662,True,208376.96165581964,0.16652474172749412,1.0,0.16652474172749412,208376.96165581964,0.5133299438238496,152.29892636564594,3,4.821404126210882,True,797248.0627842533,0.10117094429605437,0.11946612116506725,0.10117094429605437,797248.0627842533,True,Deep Space Probes,engine_out,Engine out,2,16,engine,Cassini (Cassini-Huygens),1
0.5821166995540171,139.0283501321157,3,3.0486425386063662,True,295142.0544982984,0.23586318759859168,1.0,0.23586318759859168,295142.0544982984,0.586330452250272,173.95731429188302,3,12.26473225561515,True,1521148.794002232,0.1930340970243995,0.3038990201507828,0.1930340970243995,1521148.794002232,True,Deep Space Probes,thrust_loss_85,"Thrust reduction, $\eta$=0.15",2,16,engine,Cassini (Cassini-Huygens),1
0.7541862938553041,180.1241507197615,3,3.0486425386063662,True,583409.9901147505,0.4662329134329491,1.0,0.4662329134329491,583409.9901147505,0.7566649719119247,224.49355278643634,3,26.152266757858236,True,3674960.738656077,0.4663532789058341,0.6480082953948173,0.4663532789058341,3674960.738656077,True,Deep Space Probes,thrust_loss_50,"Thrust reduction, $\eta$=0.50",2,16,engine,Cassini (Cassini-Huygens),1
1.1474882236868176,274.05740920580917,3,3.0486425386063662,True,1827675.8889627126,1.460589754993118,1.0,1.460589754993118,1827675.8889627126,1.1459111158062139,339.97828248186715,3,45.469250712884794,True,11046674.892363232,1.4018253318658012,1.1266500116469855,1.4018253318658012,11046674.892363232,True,Deep Space Probes,thrust_excess,"Thrust excess, $\eta$=1.30",2,16,engine,Cassini (Cassini-Huygens),0
1.0000130305727233,238.83554939698385,3,3.0486425386063662,True,1684427.371905394,1.3461125012878001,1.0,1.3461125012878001,1684427.371905394,0.9366569378865046,277.89504144336354,3,17.77463958959455,True,7389970.054035636,0.9377887304928756,0.4404250693966876,0.9377887304928756,7389970.054035636,True,Deep Space Probes,tvc_bias,"TVC misalignment (3°, 2°)",2,16,engine,Cassini (Cassini-Huygens),0
0.9741803367333358,232.66586416598176,3,3.0486425386063662,True,690556.840142718,0.5518594692001496,1.0,0.5518594692001496,690556.840142718,0.9258194758808912,274.6796945736906,3,15.391008266363688,True,2029829.4214719934,0.2575857740099754,0.3813627752973664,0.2575857740099754,2029829.4214719934,True,Deep Space Probes,gimbal_seized,Gimbal seizure,2,16,engine,Cassini (Cassini-Huygens),1
0.8678340390912492,207.26691870510479,3,-127.04150690372597,False,1237929.0677399884,0.9892927540754447,-41.67149978882102,0.9892927540754447,1237929.0677399884,0.8970112472365122,266.1326336710043,3,40.357919711389236,True,7412879.546937872,0.9406959498872615,1.0,0.9406959498872615,7412879.546937872,True,Deep Space Probes,valve_stuck_open,Valve stuck open (30 % floor),2,16,engine,Cassini (Cassini-Huygens),0
0.9989536432330761,238.58253333663922,3,2.350898019513866,True,1223481.642766954,0.9777470741061027,0.7711294419543651,0.9777470741061027,1223481.642766954,0.998313593858078,296.18784243957606,3,38.61011636293784,True,7580644.840666531,0.961985400409547,0.9566924320938633,0.961985400409547,7580644.840666531,True,Deep Space Probes,rcs_out,RCS thruster dead,2,16,rcs,Cassini (Cassini-Huygens),9
0.9989536432330761,238.58253333663922,3,2.3508980195138665,True,1223481.642766954,0.9777470741061027,0.7711294419543652,0.9777470741061027,1223481.642766954,0.998313593858078,296.18784243957606,3,38.61011636293784,True,7580644.840666531,0.961985400409547,0.9566924320938633,0.961985400409547,7580644.840666531,True,Deep Space Probes,rcs_stuck_open,RCS thruster stuck open,2,16,rcs,Cassini (Cassini-Huygens),8
0.8382339254785803,5.69994246787727,3,1.763626354062223,True,167.93600000000004,0.7884615384615381,1.0,0.7884615384615381,167.93600000000004,0.8453451012966079,3.4734185482464954,3,1.19371427270426,True,80.06219289600007,0.6303462321792259,0.7011675429327949,0.6303462321792259,80.06219289600007,True,Deep Space Probes,engine_out,Engine out,4,12,engine,New Horizons,1
0.8624988366567932,5.86494246787727,3,1.763626354062223,True,174.69440000000006,0.8201923076923074,1.0,0.8201923076923074,174.69440000000006,0.8685433361021169,3.568737228080851,3,1.5652304817649934,True,87.10482036480006,0.6857942973523419,0.9193898708577941,0.6857942973523419,87.10482036480006,True,Deep Space Probes,thrust_loss_85,"Thrust reduction, $\eta$=0.15",4,12,engine,New Horizons,1
0.91911696273929,6.24994246787727,3,1.763626354062223,True,190.46400000000006,0.8942307692307689,1.0,0.8942307692307689,190.46400000000006,0.9226725506483039,3.7911474810276786,3,1.6482263847420546,True,103.53761779200009,0.8151731160896128,0.9681402583622352,0.8151731160896128,103.53761779200009,True,Deep Space Probes,thrust_loss_50,"Thrust reduction, $\eta$=0.50",4,12,engine,New Horizons,1
1.0485298223564257,7.129942467877271,3,1.763626354062223,True,226.50880000000006,1.063461538461538,1.0,1.063461538461538,226.50880000000006,1.0463513846824222,4.299328525077848,3,1.7024665284865794,True,141.0982976256001,1.110896130346232,1.0,1.110896130346232,141.0982976256001,True,Deep Space Probes,thrust_excess,"Thrust excess, $\eta$=1.30",4,12,engine,New Horizons,0
1.0000003701349214,6.799944984773442,3,1.763626354062223,True,231.69423369394025,1.0878072119795115,1.0,1.0878072119795115,231.69423369394025,0.9949610080539695,4.0881718186524445,3,1.7024665284865794,True,128.48536534525107,1.011591901320462,1.0,1.011591901320462,128.48536534525107,True,Deep Space Probes,tvc_bias,"TVC misalignment (3°, 2°)",4,12,engine,New Horizons,0
,,,,,,,,,,,,,,,,,,,,False,Deep Space Probes,gimbal_seized,Gimbal seizure,4,12,engine,New Horizons,n/a
0.9514701776435741,6.469942467877272,3,0.4480263540622228,True,199.47520000000006,0.9365384615384612,0.2540370033767458,0.9365384615384612,199.47520000000006,0.9536035303889826,3.918239054140153,3,1.6815864957822435,True,112.92778775040011,0.8891038696537678,0.987735422485576,0.8891038696537678,112.92778775040011,True,Deep Space Probes,valve_stuck_open,Valve stuck open (30 % floor),4,12,engine,New Horizons,3
0.9705879864506508,6.599942467877271,3,1.763626354062223,True,204.80000000000013,0.9615384615384616,1.0,0.9615384615384616,204.80000000000013,0.9590995309214171,3.940821441098154,3,1.68751411881831,True,114.5962890240001,0.9022403258655802,0.9912172078463349,0.9022403258655802,114.5962890240001,True,Deep Space Probes,rcs_out,RCS thruster dead,4,12,rcs,New Horizons,11
0.9705879864506511,6.5999424678772725,3,0.9662930207288896,True,204.80000000000013,0.9615384615384616,0.5479012141677247,0.9615384615384616,204.80000000000013,0.9590995309214171,3.940821441098154,3,1.68751411881831,True,114.5962890240001,0.9022403258655802,0.9912172078463349,0.9022403258655802,114.5962890240001,True,Deep Space Probes,rcs_stuck_open,RCS thruster stuck open,4,12,rcs,New Horizons,10
0.9583333333333337,158.12500000000006,1,0.0,True,632.5,0.9583333333333334,nan,nan,0.0,0.9583154763441792,130.455580440466,2,13.023557780031156,True,86013.54812872256,0.9166666666666664,0.9186551556464195,nan,0.0,True,Deep Space Probes,engine_out,Engine out,24,0,engine,Europa Clipper,5
0.9645833333333331,159.15624999999997,1,0.0,True,636.625,0.9645833333333333,nan,nan,0.0,0.9645681548925521,131.30675818878683,2,13.19667350568395,True,87186.46014865967,0.9291666666666663,0.9308663852182846,nan,0.0,True,Deep Space Probes,thrust_loss_85,"Thrust reduction, $\eta$=0.15",24,0,engine,Europa Clipper,5
0.9791666666666666,161.5625,1,0.0,True,646.25,0.9791666666666666,nan,nan,0.0,0.9791577381720894,133.2928396015355,2,13.600610198873795,True,89923.2548618463,0.958333333333333,0.9593592542193027,nan,0.0,True,Deep Space Probes,thrust_loss_50,"Thrust reduction, $\eta$=0.50",24,0,engine,Europa Clipper,5
1.0125,167.0625,1,0.0,True,668.25,1.0125,nan,nan,0.0,1.012491471721862,137.8305640417924,2,14.17676448010246,True,96178.78563484435,1.0250000000000001,1.0,nan,0.0,True,Deep Space Probes,thrust_excess,"Thrust excess, $\eta$=1.30",24,0,engine,Europa Clipper,0
1.0000000953369763,165.0000157306011,2,0.0,True,1093.690879889646,1.6571073937721912,nan,nan,0.0,0.9920049605014528,135.04173324605688,3,14.17676448010246,True,4370.759279807536,0.04658021238500299,1.0,nan,4370.759279807536,True,Deep Space Probes,tvc_bias,"TVC misalignment (3°, 2°)",24,0,engine,Europa Clipper,22
,,,,,,,,,,,,,,,,,,,,False,Deep Space Probes,gimbal_seized,Gimbal seizure,24,0,engine,Europa Clipper,n/a
0.9875,162.9375,1,-8.2225,False,651.7500000000001,0.9875000000000002,nan,nan,0.0,0.9874946429032536,134.4277432659633,2,13.831431166410852,True,91487.13755509577,0.9749999999999994,0.975640893648456,nan,0.0,True,Deep Space Probes,valve_stuck_open,Valve stuck open (30 % floor),24,0,engine,Europa Clipper,17
,,,,,,,,,,,,,,,,,,,,False,Deep Space Probes,rcs_out,RCS thruster dead,24,0,rcs,Europa Clipper,n/a
,,,,,,,,,,,,,,,,,,,,False,Deep Space Probes,rcs_stuck_open,RCS thruster stuck open,24,0,rcs,Europa Clipper,n/a
,,,,,,,,,,,,,,,,,,,,False,Deep Space Probes,engine_out,Engine out,0,16,engine,Voyager 1,n/a
,,,,,,,,,,,,,,,,,,,,False,Deep Space Probes,thrust_loss_85,"Thrust reduction, $\eta$=0.15",0,16,engine,Voyager 1,n/a
,,,,,,,,,,,,,,,,,,,,False,Deep Space Probes,thrust_loss_50,"Thrust reduction, $\eta$=0.50",0,16,engine,Voyager 1,n/a
,,,,,,,,,,,,,,,,,,,,False,Deep Space Probes,thrust_excess,"Thrust excess, $\eta$=1.30",0,16,engine,Voyager 1,n/a
,,,,,,,,,,,,,,,,,,,,False,Deep Space Probes,tvc_bias,"TVC misalignment (3°, 2°)",0,16,engine,Voyager 1,n/a
,,,,,,,,,,,,,,,,,,,,False,Deep Space Probes,gimbal_seized,Gimbal seizure,0,16,engine,Voyager 1,n/a
,,,,,,,,,,,,,,,,,,,,False,Deep Space Probes,valve_stuck_open,Valve stuck open (30 % floor),0,16,engine,Voyager 1,n/a
0.9375129408559152,3.186979053292176,3,1.7588550191411632,True,100.10519891047281,0.8014795637057213,0.7133321806189671,0.8014795637057213,100.10519891047281,0.937446817405669,2.868078846066618,3,1.1805600087763244,True,74.983565787962,0.8235204362942788,0.6446210370894879,0.8235204362942788,74.983565787962,True,Deep Space Probes,rcs_out,RCS thruster dead,0,16,rcs,Voyager 1,9
0.9375129408559153,3.1869790532921765,3,1.7588550191411636,True,100.10519891047281,0.8014795637057213,0.7133321806189672,0.8014795637057213,100.10519891047281,0.937446817405669,2.868078846066618,3,1.1805600087763244,True,74.98356578796195,0.8235204362942784,0.6446210370894879,0.8235204362942784,74.98356578796195,True,Deep Space Probes,rcs_stuck_open,RCS thruster stuck open,0,16,rcs,Voyager 1,8
